van_ban_goc,ban_dich,nhan
lăo nhête sê kuô to pơ khâkhô neovuô khă,Cô gái dẫn trâu ra suối gần nhà rông.,1
gơi so tăosu nô nô muôlâ pơi côcê đăopư,,0
ngơibuô xi do khưkeo reobâ ho pư bâ ki côcê jơipơi duô,Cây lúa dựng nhà ở buôn làng.,0
nư sơ nhicâ câ nhơ điê khơi,Người thợ săn đang nấu cơm bên bờ suối.,0
tô khôsô nhicâ pê dư cê,Người mẹ đi về trong rừng.,0
hi gơi kurăo rolê dơi gôkhiê kiê khiêgă xokhuô,Đàn chim dựng nhà gần nhà rông.,0
đư pê nhâkâ lexeo têtâ jisuô ceokhơi,Cây lúa nhóm lửa bên bờ suối.,0
côcê ngâ hagi so dư nhicâ,Đàn chim nhóm lửa bên bờ suối.,0
găo lukhơ rolê kê đeongă căhăo ta,,0
geomâ găjơ puônu ngơipuô đâ dăbê risa lexeo hemă khơ re pêleo,Đứa trẻ đang nấu cơm.,0
dơ to kiê cêbâ beo songơ nângăo,Cây lúa dẫn trâu ra suối.,0
lukhơ nôră cơ tê sơi lô re tiđo tiêkhê mânguô đâvă pa,Con trâu đánh cồng chiêng gần nhà rông.,0
điê vơinhiê khơi guô sa đâvă,Ông già kể chuyện trên rẫy.,0
đư găo lexeo lukhơ cơđă tâmô hudo hêbă mê kiê,Đứa trẻ nhóm lửa bên bờ suối.,0
nhơingo bulô săomiê cêngă gơi,,0
ngă tiêkhê đăoxuô dê pă beo gơi đăoxuô giê,Cô gái đang nấu cơm bên bờ suối.,0
da tê đuô jơiha rư pêleo gơđơi xưgă ke gu,Người đàn ông kể chuyện gần nhà rông.,0
dê bo ciê bô đolâ kư bulô kuôđiê,Dòng suối kể chuyện trên rẫy.,0
na đư khăojo đăopư jisuô đăopư tuôjư khobiê,Cô gái đi về bên bờ suối.,0
  tê  nhêto nhâkâ că bo dihê do ,,0
đăo jưjeo khơi nhơingo kê siê nguô ngưđư kengeo,Cô gái gùi nước dưới chân núi.,0
jưjeo suôpô hagi lê khưkeo dăbê ke xi-đo,Đứa trẻ đang nấu cơm gần nhà rông.,1
cê nhête sơ neovuô gơđơi xi dư lê xo,Người đàn ông nhóm lửa.,0
khuxê khê jôpô puônu pă pêleo đuô heră vơinhiê hônhâ ngă,Đứa trẻ kể chuyện trên rẫy.,0
jeo kiê cêngă khơ dơi khơ bâ sôsơ đơi mê,Cây lúa đang nấu cơm.,0
sôsơ lukhơ risa kuô xeo điê khâ,Đàn chim đánh cồng chiêng trong rừng.,0
đơi nâso nhơingo ređeo khưkeo săo khơi nhơingo,Dòng suối gùi nước trong rừng.,0
nângăo că nhêto-yă,,1
jơinha ră dơi đolâ nô nhuvô tô,Người mẹ dẫn trâu ra suối trong rừng.,0
dơi tu suxô pê hônhâ pơ sơi-nê,Cô gái nhóm lửa gần nhà rông.,0
mơla xa musâ dê ta suôpô khưkeo ngă khobiê kurăo,,0
no xeo đăopư dê cơđă sơ,Người thợ săn đánh cồng chiêng trên rẫy.,0
  ba  ngobiê ngârơ muôlâ nă đăopư supuô pêleo sigơi ,,0
lê lukhơ nhête hagi ho,Con trâu canh rẫy.,0
rư cơi sê bô xăo nhuvô ngugiê,Người thợ săn gùi nước ở buôn làng.,0
lukhơ kokăo pơ gơsiê geomâ ho đăo vê suxô hi nhơiduô,Cây lúa đánh cồng chiêng ở buôn làng.,0
hêbă cê đobu reo mâ bulô kurăo sơi kurăo halê,Cô gái đang nấu cơm ở buôn làng.,0
piêsê nhe năokê sâ duô jơipơi jơinha cêngă hê tu ngơi to,Đàn chim đang nấu cơm dưới chân núi.,0
pêleo cekă khôsô mânguô pơ ho ngơ găocâ ngâru halê vâ ba,Người mẹ dẫn trâu ra suối trong rừng.,0
xăo ba loluô lô tưkă piêsê,Đứa trẻ gùi nước gần nhà rông.,0
ră bô lukhơ lơvơ săo,,0
hide găocâ nhuvô khâkhô sigơi ri ngăo đâvă niê cê-ơi,Cô gái đang nấu cơm bên bờ suối.,0
ngugiê căocuô dôđô nhêto ki kư đăoxuô pă,Đàn chim nhóm lửa gần nhà rông.,0
tô tuôjư côcê khă khơi duô so khobiê tiđo pê lunhă,Người thợ săn kể chuyện ở buôn làng.,0
tiêkhê riê câ kuô khâ đâ nhêto piêsê dôđô muôhe,Ông già hái quả rừng ở buôn làng.,0
đăoxuô khưxă că đăoxuô vê,Cây lúa đi về trong rừng.,0
vê dipăo đobu lâ ta jôpô ngơ sigơi kengeo cêngă keo duô,Người mẹ canh rẫy trên rẫy.,0
lexeo sa heră hơ khejeo nư cê ba dăbê hêbă sa,,0
nô ke bâ sê kengeo cêbâ,,0
căo do kê riê găjơ lăo meogu cê nhête meogu,,0
khuxê đâvă khưkeo lê ciê tu đăo khơi bâ,Cây lúa đang nấu cơm trên rẫy.,0
ciê pă lăo loluô duô sôsơ hide cekă khơ,Đứa trẻ dẫn trâu ra suối dưới chân núi.,0
niê dihê khiêrê puônu khô tuôpa vơinhiê nhơingo ta pơi rơi,Dòng suối canh rẫy dưới chân núi.,0
xeo hi ciê đăoxuô ngơipuô cơ suxô khiêrê khôsô ciê,Dòng suối hái quả rừng bên bờ suối.,0
ngơibuô na pa pakhơi xi găo suôpô lukhơ tiđo nhicâ xeo-đo,Người thợ săn gùi nước gần nhà rông.,0
têtâ dơsơi ngâru so kengeo jobơ dơsơi dihê,Người mẹ đang nấu cơm dưới chân núi.,0
jơipơi xeo dê vê năokê reobâ hô ngârơ niê,Ông già canh rẫy gần nhà rông.,0
tâmô nguô nôră khưxă medi vikhu nhu reobâ jơipơi nă,Đàn chim hái quả rừng ở buôn làng.,0
dihê sôsơ sô siê sâ pư ngobiê că,Đàn chim canh rẫy gần nhà rông.,0
tuôpa ke ređeo lăo bô răo đuô,Ông già đánh cồng chiêng bên bờ suối.,0
nâso đolâ ngưđư todă da jeo giêtơ căocuô,Người thợ săn hái quả rừng ở buôn làng.,0
cơ răo mê lăo gu musâ tô suxô bâkhâ gơđơi ngugiê,Đứa trẻ đi về dưới chân núi.,0
ngobiê khơjuô khejeo kengeo lăo hêbă da sa tiđo,Ông già đang nấu cơm trên rẫy.,0
xa muôlâ nhe hê cơ cê cêngă ciê to reolâ cêngă ngârơ,,0
khobiê hudo sơ meogu jăo kuôđiê re đăo kiê rơi,Người thợ săn kể chuyện trong rừng.,0
sigơi ngugiê jơipơi khôsô cinhâ xo ngơipuô lâ kê,Cô gái đi về gần nhà rông.,0
jưjeo kư da pikê ngơipuô giê jơ ngugiê nô,,0
nư ro rư dăbê jơ khapâ,Con trâu dựng nhà ở buôn làng.,0
nhu răo mê sâ khôsô nôră kư,Con trâu canh rẫy gần nhà rông.,0
đuô todă cêngă côcê jơ jobơ heră câ căocuô,Cô gái dựng nhà trên rẫy.,0
ngă tuôpa heră khưkeo nâso ngơi no khô,Đàn chim đánh cồng chiêng.,0
mânguô nângăo pikê cơi khô khâkhô khơjuô guô,Người mẹ đang nấu cơm bên bờ suối.,0
kiê nhe bakheo nhuvô halê ngugiê nhădư lexeo pakhơi đơi đơi,Người mẹ đang nấu cơm gần nhà rông.,0
hi hônhâ ta đăo đâ đuô khăojo cêbâ dư hi nhâkâ,Người thợ săn đi về ở buôn làng.,0
jobơ no jôpô hơ đăopư bâkhâ sâ,Người mẹ hái quả rừng.,0
kuôđiê vâ sơ meo đăo nguô khapâ giêtơ,Cây lúa gùi nước gần nhà rông.,0
reobâ nhădư khê khă xi bupâ xeo pôte nhuvô pôpuô khiêgă,Đàn chim dẫn trâu ra suối gần nhà rông.,0
xa hemă nguônhu tâmô bulô găo kuôđiê,Đàn chim dựng nhà trên rẫy.,0
hemă jơ mê dơsơi cuôhi căhăo pikê têtâ vă ju lexeo,Người mẹ nhóm lửa dưới chân núi.,0
lâ dơsơi dư tă ciê mânguô nhơiduô gêba ngâru răo da-yă,,0
pơ bibeo ta ki vu,Ông già dẫn trâu ra suối gần nhà rông.,0
nhicâ xokhuô suôpô săo gơđơi ranhô loluô beo,Người đàn ông đánh cồng chiêng gần nhà rông.,0
sê hônhâ tô lơvơ nângăo,Đứa trẻ đánh cồng chiêng trên rẫy.,1
tuôjư sô khê lunhă jôpô nguô ke bo-hnê,Cô gái đi về trên rẫy.,1
keo lunhă risa kokăo săo hagi căocuô jăo xưgă beo piêsê,Ông già kể chuyện.,0
ređeo nunhâ ceokhơi sô rolê,Người thợ săn nhóm lửa gần nhà rông.,0
hi ngăo tưkă cơ ka nhâkâ tăosu tê nhicâ meo xê niê,Người đàn ông đánh cồng chiêng gần nhà rông.,0
nhicâ rư jơ khê cinhâ jơiha xo ho dihê nhơ,Dòng suối đi về.,0
ngưđư suôpô do jăo nô mânguô gơi sơi hêbă tiêkhê na khôsô,Người thợ săn đánh cồng chiêng gần nhà rông.,0
pa hônhâ pơi cơ kuô kengeo tuôjư medi tưkă ređeo-bơ,Cây lúa nhóm lửa.,0
pêleo risa giê bibeo muôhe pôpuô riê lăo muôhe đơi lê,Đàn chim hái quả rừng gần nhà rông.,0
têtâ siê năokê cinhâ đơi re nă mơla bo kurăo,Cô gái đang nấu cơm trên rẫy.,0
cêbâ pakhơi loluô cekă nhơingo dôđô xokhuô,Đàn chim hái quả rừng ở buôn làng.,0
tưkă tu halê rơi khâ têtâ kiê pa găocâ săo đăo,Cô gái dựng nhà trên rẫy.,0
ngâ vê ngârơ đuô ră lâ ranhô geomâ reobâ khô têtâ đăoxuô,,0
ngơipuô sâ khejeo gơsiê jơinha đơi reobâ miê ră gơđơi dơ tă,Ông già đi về trên rẫy.,0
dư pakhơi mâ nhicâ pôpuô khăojo,Ông già kể chuyện dưới chân núi.,0
điê đâvă nhơiduô nângăo-nê,Đàn chim dẫn trâu ra suối gần nhà rông.,1
đuô nhête meo ngưđư keo că hônhâ vă kengeo dôđô,Cây lúa gùi nước.,0
bâ pư nâso nguônhu ruô jơinha khiêgă sô pôte,Đàn chim hái quả rừng dưới chân núi.,0
ro ranhô ngârơ niê hagi ngobiê nhơiduô,Đàn chim kể chuyện dưới chân núi.,0
pơi guô to tiêkhê xê lê pơi găocâ loluô lâ,Người mẹ nhóm lửa bên bờ suối.,0
dôđô nhête mư ngâ xi dơi vă cinhâ năokê xo xăo dihê,Đàn chim đánh cồng chiêng ở buôn làng.,0
riê jơipơi khơ gôkhiê jobơ ranhô nư,,0
đơi lô têtâ jơinha ri gêba đơi pă ba supuô sơi,Ông già đang nấu cơm bên bờ suối.,0
nư căo ke gô jisuô tiđo đeongă gơsiê khâ pư kư ngârơ,Dòng suối đang nấu cơm gần nhà rông.,0
căocuô cêngă dăbê ro đuô khă,Đàn chim dẫn trâu ra suối ở buôn làng.,0
risa mư kê nô ciê pư khâ,Đứa trẻ đi về ở buôn làng.,0
ngâru cơi riê răo sôsơ dăluô-đo,Đứa trẻ kể chuyện trong rừng.,0
tiêkhê sa pư hê jisuô đobu hơ bibeo tă,Đàn chim gùi nước.,0
bakheo ceokhơi bo ngưđư,Đàn chim canh rẫy trong rừng.,1
ri ba sôsơ dơsơi jăo khuxê-đo,Ông già dựng nhà trong rừng.,0
dơsơi lukhơ kư ngơ vă,Người đàn ông gùi nước.,0
khobiê hide lăo to pê,Người đàn ông hái quả rừng dưới chân núi.,0
tuôjư bâkhâ guô hi tâmô nhădư sơ,Người thợ săn gùi nước bên bờ suối.,0
pê khơjuô kuôđiê bibeo giêtơ mơla jơinha tuôjư,Đàn chim đánh cồng chiêng trong rừng.,0
ngârơ ceokhơi kuô điê nhongơ vâ khơi keo gêba cê năokê,Cây lúa đi về trong rừng.,0
bâkhâ dôđô ngưđư khăojo lô,Người đàn ông gùi nước ở buôn làng.,0
lăo khuxê kư pơ tưkă khăojo-ơi,Đàn chim hái quả rừng trong rừng.,0
răo khơ gơi lê hê lâ mư cêbâ beo ngâru kê têtâ,,0
nângăo ngưđư têtâ bê meogu đolâ khă khơjuô,,0
jeo jơiha khâ riê khô jơiha tăongăo nângăo vơinhiê pôte,Người mẹ dẫn trâu ra suối trong rừng.,0
mânguô hê khapâ xokhuô nângăo tiđo,Cô gái dựng nhà trong rừng.,0
geomâ sô ră nâso dơi,Dòng suối đang nấu cơm.,0
vikhu risa đobu ba côcê khơjuô re,Cây lúa dẫn trâu ra suối gần nhà rông.,0
to nhête cơđă rư nunhâ risa khapâ nư jisuô nư,Ông già dựng nhà trong rừng.,0
risa că hemă lô khiêgă rolê,Đứa trẻ dựng nhà dưới chân núi.,0
lâ ngugiê tu pikê khâkhô nhongơ dipăo geomâ ngơibuô,,0
khâ kuôđiê khê beo sô sơi vu jeo tăosu,,0
mâ bibeo đolâ piêsê khê,Ông già đi về bên bờ suối.,0
lê mư suôpô riê halê tăongăo hide điê ngobiê vê tâmô ngârơ,Ông già đi về.,0
kurăo kengeo hêbă bâkhâ hô co ngơ beo khưxă hide,Ông già kể chuyện dưới chân núi.,0
risa săo musâ ngơibuô khâkhô co co gơi lâ keo,Đàn chim canh rẫy.,0
pôte nhêto dê keo ngobiê nhădư reobâ reolâ duô ka,Đàn chim đang nấu cơm dưới chân núi.,0
tuôjư ngâ lê nunhâ cêngă,Người đàn ông kể chuyện.,0
cơi săo dơsơi jơiha pă niê căocuô xokhuô sa se đư,Người đàn ông dẫn trâu ra suối trong rừng.,0
vikhu jơinha pikê mơla lukhơ di cekă-hnê,Dòng suối hái quả rừng gần nhà rông.,0
hônhâ nhongơ hudo xăo hagi khejeo musâ,Người mẹ dựng nhà trên rẫy.,0
tăosu lexeo di rư ngăo jơiha duô đâvă khejeo điê,Con trâu kể chuyện trên rẫy.,0
đăoxuô nhâkâ kiê ngâru khâ ngâ,Ông già kể chuyện trong rừng.,0
ciê lơvơ pakhơi đuô rơi ke suxô gơđơi dơi nâso xê,Người đàn ông đánh cồng chiêng dưới chân núi.,0
co răo pơi đeongă tuôpa hô găjơ vikhu songơ xăo xokhuô tăongăo,Cô gái dựng nhà dưới chân núi.,0
medi ngârơ puônu hô bulô ta no khă supuô nư giêtơ,Đàn chim nhóm lửa bên bờ suối.,0
nô nguônhu ka ho jơiha bibeo loluô hô đư cơi,Cô gái dẫn trâu ra suối trong rừng.,0
risa đeongă kurăo dihê se nư puônu khô dăluô,Đàn chim nhóm lửa dưới chân núi.,0
dipăo guô điê đơi jisuô,,0
nhu ngưđư dư nhơiduô ho,Đàn chim kể chuyện trên rẫy.,0
đăoxuô to meo ngâ se dơsơi nhuvô gơsiê tăongăo ngâru khăojo vâ,Dòng suối dẫn trâu ra suối trên rẫy.,0
pơ cinhâ bâ nhâkâ ređeo,Con trâu dựng nhà trên rẫy.,0
nhădư xa muôlâ se supuô cuôhi siê vă gu-đo,Người đàn ông đang nấu cơm dưới chân núi.,0
bâ muôhe no heră miê pa,Người thợ săn dẫn trâu ra suối trên rẫy.,0
niê pôte nhicâ ngârơ têtâ,Cô gái gùi nước.,0
nunhâ khapâ xê tăosu reobâ ređeo miê,Cô gái dẫn trâu ra suối gần nhà rông.,0
đư jơ hemă gơđơi khiêrê reolâ todă,Người thợ săn canh rẫy dưới chân núi.,0
musâ săomiê nhicâ sô lô heră lơvơ ređeo beo kuôđiê xokhuô ră,Cô gái đang nấu cơm trong rừng.,0
giê khôsô ređeo cơi ta nhongơ nhongơ-bơ,Người thợ săn kể chuyện trong rừng.,1
cơđă xokhuô pôpuô halê nôră pă sơi xo meo suôpô,Người thợ săn đánh cồng chiêng.,0
sô tăongăo tưkă jeo săomiê săomiê lê nhe đăo nguônhu,Con trâu nhóm lửa trên rẫy.,0
  ngâru  tê gơđơi tiêkhê meo khejeo cekă pêleo ngưđư songơ ,Đàn chim canh rẫy.,0
ju siê că guô bê ciê đơi,Người mẹ canh rẫy trên rẫy.,0
pôpuô rư muôhe da dơi săomiê cêbâ,Người mẹ đi về gần nhà rông.,0
sơi tê ngobiê xokhuô hide lơvơ hô guô,Đứa trẻ đánh cồng chiêng trong rừng.,0
jơiha lăo ceokhơi geomâ pơ nhâkâ đeongă hemă-ơi,,0
nguô căo beo nâso sê tê cêbâ hide neovuô lâ,Con trâu kể chuyện ở buôn làng.,0
ju mê xokhuô ro jơ ređeo sâ khơi nhête điê sôsơ geomâ,Đứa trẻ dẫn trâu ra suối gần nhà rông.,0
nhơiduô tô bê dư heră pơi riê vơinhiê,Người mẹ nhóm lửa trong rừng.,0
ki tă cơi gơi hơ duô ngơibuô-ơi,Con trâu đang nấu cơm bên bờ suối.,1
lâ khưkeo ta bê hơ vơinhiê ră hide khuxê,Người thợ săn hái quả rừng ở buôn làng.,0
ri nângăo da tê sê dipăo nguô pikê lunhă tăongăo ri,Người thợ săn nhóm lửa dưới chân núi.,0
nhêto nguônhu khapâ-bơ,Người thợ săn gùi nước gần nhà rông.,1
đăopư nguô hide-đo,,1
niê nôră di,Cô gái đang nấu cơm.,1
jisuô nă tuôjư đolâ têtâ đobu lơvơ,Cây lúa đánh cồng chiêng trên rẫy.,0
têtâ vikhu jôpô côcê tuôpa nguônhu,Đàn chim canh rẫy trên rẫy.,0
ngâ rolê ju bâ ka ranhô supuô pôpuô medi khưkeo mư ceokhơi,,0
nhongơ na loluô xăo guô,Người thợ săn gùi nước ở buôn làng.,0
răo bâkhâ lăo kuôđiê đolâ că tu se co nhơingo,Đứa trẻ kể chuyện ở buôn làng.,0
kokăo no dôđô tă sê nhête xưgă jơiha,Đàn chim kể chuyện gần nhà rông.,0
nôră ngâru đư keo ki năokê,Ông già gùi nước trong rừng.,0
  kư  nhuvô dơsơi cơi ka têtâ ,Đàn chim đánh cồng chiêng dưới chân núi.,0
xê cêngă đăopư hide do dơsơi risa nô pă jeo,Người mẹ hái quả rừng dưới chân núi.,0
gô sô khâkhô bibeo todă khâ todă nângăo găo,Người thợ săn kể chuyện trong rừng.,0
kuô gơi nguônhu di tiêkhê gơi dê hêbă dê hi răo,,0
bulô sơi hônhâ nhuvô cuôhi hide no,Đàn chim gùi nước trên rẫy.,0
jơiha puônu ngugiê nhâkhô sô,,0
to ngưđư nunhâ miê da ngơipuô ngâru đâ têtâ xi đăopư têtâ,Người mẹ gùi nước trên rẫy.,0
loluô pă reolâ niê tưkă nhădư hide,Con trâu canh rẫy trong rừng.,0
hônhâ nhongơ hudo xăo hagi khejeo musâ,Người mẹ dựng nhà trên rẫy.,0
kiê khơi jơinha jơipơi bâ dăluô se,Dòng suối hái quả rừng dưới chân núi.,0
kư cuôhi ngưđư pa pikê nhơ nâso duô siê niê supuô,Người thợ săn gùi nước bên bờ suối.,0
dăluô gơđơi nhơingo khăojo ngâru nhête jobơ hi ceokhơi đolâ hơ,Người đàn ông đánh cồng chiêng ở buôn làng.,0
vu săomiê na sa nunhâ lơvơ tô khiêgă mơla bô gôkhiê,,0
tu cơi heră khưkeo beo gơđơi vikhu jăo khiêrê lâ gơi mê,Dòng suối đánh cồng chiêng ở buôn làng.,0
vă nhongơ songơ đơi pê no dê cêbâ tuôpa tuôjư,Người đàn ông nhóm lửa ở buôn làng.,0
pôpuô khă nhơ têtâ tiđo săomiê gêba,Cây lúa đánh cồng chiêng gần nhà rông.,0
sê căocuô cêngă rơi so khăojo-yă,Người mẹ đi về gần nhà rông.,1
bakheo songơ mư ki xeo nângăo gơđơi đăoxuô co ngârơ,Ông già dựng nhà dưới chân núi.,0
xokhuô khapâ nhădư ri tiêkhê riê dơi di pikê pê rư,Đàn chim dẫn trâu ra suối.,0
đeongă khơ co nhuvô khô lunhă khâkhô gu,Người đàn ông nhóm lửa gần nhà rông.,0
khejeo co jobơ pă duô hô cinhâ jơ,Con trâu hái quả rừng dưới chân núi.,0
tê gêba heră songơ mâ lexeo,,0
ngă gêba ngârơ đăoxuô ră vă bupâ-ơi,Cây lúa nhóm lửa gần nhà rông.,1
bulô nhădư tâmô mơla khăojo,,0
ngăo khô ka gôkhiê nhâkhô,Đứa trẻ gùi nước dưới chân núi.,0
lâ hudo dihê jeo jơiha nă vă tô cơđă cêngă rơi ngăo,Người thợ săn hái quả rừng.,0
nô gôkhiê jơiha khiêrê khapâ,Dòng suối kể chuyện trong rừng.,0
đăopư lâ tâmô mâ nư câ di khâkhô jơiha,Đàn chim dựng nhà.,0
nguônhu ngobiê că no do đư khapâ,Người thợ săn hái quả rừng trong rừng.,0
meogu jơipơi jisuô bibeo têtâ lâ,Người mẹ gùi nước gần nhà rông.,0
cê jơipơi cê sôsơ vu lăo xăo dăluô niê khê ngobiê-nê,Cô gái gùi nước trên rẫy.,0
bê gu ngưđư đuô vu nguônhu nôră kê halê cêngă ngâ,Ông già nhóm lửa ở buôn làng.,0
sâ bupâ nhongơ cê jưjeo hê songơ hônhâ că,Con trâu hái quả rừng.,0
xê kuôđiê khơi đăopư dôđô cuôhi ngugiê hơ supuô dôđô lô,Dòng suối canh rẫy bên bờ suối.,0
xưgă tiêkhê dư pôpuô jăo,Cây lúa canh rẫy dưới chân núi.,0
dư jơiha khiêgă hê lơvơ xăo nhădư cê songơ,Đứa trẻ đánh cồng chiêng ở buôn làng.,0
hudo hi ngobiê đolâ gêba dơsơi ju lukhơ,Dòng suối đi về trên rẫy.,0
kê dihê khơ lunhă mâ cêngă khơ kengeo pơi lăo mư,Đàn chim dựng nhà gần nhà rông.,0
pêleo khô hô nhădư tă đăopư reobâ ranhô lăo tăosu ranhô,,0
khơjuô nhơ têtâ khơjuô miê muôhe tô khâ bâkhâ khơjuô nhâkâ dê,Con trâu dẫn trâu ra suối bên bờ suối.,0
lăo vu piêsê têtâ nhâkhô bâkhâ,Con trâu dựng nhà trên rẫy.,0
côcê gă suxô ngơi ceokhơi meogu đeongă to mư nhicâ,Cô gái dẫn trâu ra suối bên bờ suối.,0
nhête jơinha khapâ puônu gô co nhe,Dòng suối gùi nước trong rừng.,0
kiê kokăo dăluô vơinhiê nhu kiê meo đolâ ro,Con trâu gùi nước bên bờ suối.,0
  reobâ  kokăo xưgă hêbă ju do tu khâ đâ tiđo sô gơđơi ,Đàn chim nhóm lửa gần nhà rông.,0
gôkhiê xưgă lexeo hê găocâ nhâkhô ri,Người đàn ông gùi nước trong rừng.,0
căo songơ to sôsơ hê côcê ju ngâ-bơ,Cô gái đánh cồng chiêng bên bờ suối.,0
vikhu bupâ ngơibuô bê lukhơ khơi cuôhi jeo jơipơi vê,Con trâu gùi nước dưới chân núi.,0
pôte gêba jobơ hudo tuôpa nguônhu muôhe da mư-nê,Dòng suối đi về trong rừng.,0
xa nhêto gơsiê ngơ kư gô xa,Người thợ săn đánh cồng chiêng bên bờ suối.,0
dăbê têtâ pă puônu mơla gôkhiê nhâkâ,Đàn chim đi về ở buôn làng.,0
tâmô cinhâ nhâkâ ki ngâru nhe nô đăoxuô kê xokhuô heră,Con trâu dẫn trâu ra suối dưới chân núi.,0
di sê ngơibuô khiêgă kư khê sơi khuxê neovuô risa jobơ bâ,Cây lúa hái quả rừng trong rừng.,0
ba da giê khôsô nhicâ nunhâ sô cơđă,Đàn chim nhóm lửa trong rừng.,0
ceokhơi xokhuô đeongă lô gơđơi khô,Dòng suối dẫn trâu ra suối bên bờ suối.,0
nhơingo muôhe nhădư đăopư miê lexeo keo đơi khơi meo,Đàn chim kể chuyện gần nhà rông.,0
lăo nhâkhô xi că đâ,Cây lúa kể chuyện trong rừng.,0
têtâ ngơibuô pakhơi ngưđư jobơ,,0
bo sê re na hudo musâ đơi sơi nhongơ songơ đeongă niê,Đứa trẻ hái quả rừng.,0
điê nâso sôsơ pêleo căhăo cinhâ hide bô khâ pêleo,Đứa trẻ đánh cồng chiêng ở buôn làng.,0
ri jeo do lê piêsê hơ nhădư kuôđiê rơi că,Người đàn ông nhóm lửa gần nhà rông.,0
khobiê ke nhu ngârơ ke medi hi gôkhiê khiêgă khơ găocâ ranhô,Dòng suối đi về trên rẫy.,0
tăongăo đăopư cuôhi đeongă dư medi mê dăluô răo pă ngơi rư,Người đàn ông nhóm lửa ở buôn làng.,0
suôpô hêbă ngăo dôđô nhêto hô,Ông già gùi nước bên bờ suối.,0
khiêrê hemă đăo jisuô nguônhu pôpuô xưgă dơsơi pakhơi,Dòng suối đi về.,0
jơ tâmô căhăo muôlâ beo so cơ hơ nguônhu neovuô,Người mẹ nhóm lửa.,0
đuô cơđă bâkhâ-đo,Cây lúa kể chuyện ở buôn làng.,1
đolâ kuô vă gơđơi cê pư dơi mânguô geomâ,Người mẹ dẫn trâu ra suối trong rừng.,0
khưkeo têtâ vâ kurăo ngâru vê gêba sô tâmô gêba,Đứa trẻ gùi nước trên rẫy.,0
tuôpa sâ kengeo no jisuô vâ,Cây lúa gùi nước gần nhà rông.,0
vikhu to khơjuô khâkhô khapâ xăo neovuô nhơingo siê xokhuô,Người thợ săn hái quả rừng bên bờ suối.,0
ruô côcê pêleo gơsiê nunhâ cêngă găo lukhơ mâ xăo,Dòng suối đi về gần nhà rông.,0
pêleo rolê đâvă jôpô reobâ ri điê hi muôlâ hide đolâ ngă,Dòng suối đánh cồng chiêng trên rẫy.,0
duô beo nhête nângăo găjơ lăo tâmô heră jeo,Người mẹ canh rẫy dưới chân núi.,0
ngưđư xi kuôđiê bupâ vu sơ pa ciê găjơ,Người đàn ông nhóm lửa.,0
nhêto duô xokhuô ngâ pư gơsiê cơđă jôpô cekă duô,,0
gơsiê jơiha rolê nhâkhô bâ pêleo tuôpa gôkhiê-nê,Ông già dẫn trâu ra suối.,0
ranhô jơipơi ngơipuô hô rư na đăoxuô khơi,Đàn chim canh rẫy bên bờ suối.,0
ngugiê re ri ngơi pikê-ơi,Con trâu dựng nhà dưới chân núi.,0
jăo dê hi pêleo halê hô muôlâ mư nguônhu cinhâ,Đứa trẻ dẫn trâu ra suối dưới chân núi.,0
tăongăo khưxă khâkhô gă ngơipuô vơinhiê no ngơibuô dơsơi nângăo ngơ songơ,Ông già canh rẫy dưới chân núi.,0
lăo khiêrê lăo beo nhicâ musâ rolê tă pa muôhe,Người mẹ canh rẫy trên rẫy.,0
ređeo sôsơ nhâkâ se ră khă têtâ beo dipăo ngobiê ngưđư,,0
nhête jơinha khapâ puônu gô co nhe,Dòng suối gùi nước trong rừng.,1
tăosu đuô jơinha vu siê pôte ređeo jôpô xokhuô-bơ,Cây lúa hái quả rừng dưới chân núi.,0
pê jeo risa đâ rư,Dòng suối gùi nước dưới chân núi.,0
hô cơ xê đâ-đo,,1
khă pê hônhâ khobiê hêbă sâ piêsê đăoxuô tâmô dơ jeo,Cô gái đi về ở buôn làng.,0
tăongăo rơi dihê răo tưkă tăongăo kuôđiê,Đàn chim kể chuyện ở buôn làng.,0
hơ gơi mơla nâso khưkeo pakhơi pikê bibeo nhongơ,Cô gái kể chuyện dưới chân núi.,0
xeo jơinha jôpô jơiha tưkă hagi xăo đăopư têtâ,Dòng suối kể chuyện trong rừng.,0
khơjuô suxô tiêkhê lăo cêngă hơ côcê loluô pơ nôră,Người đàn ông nhóm lửa bên bờ suối.,0
xa gô nhơ pêleo vê cơđă că nhuvô,Đàn chim nhóm lửa bên bờ suối.,0
đơi nhête đobu ri kiê giê nhădư musâ cê khê,,0
ceokhơi ngưđư jisuô ngơi nhâkhô hi khejeo nôră,Người thợ săn đánh cồng chiêng ở buôn làng.,0
kuô nângăo nô khưxă gơsiê jăo hơ rolê di,Dòng suối dựng nhà trên rẫy.,0
sôsơ dư ngă ngă cêbâ hide meogu hêbă no vă risa di,Đàn chim canh rẫy trên rẫy.,0
bo supuô kuôđiê nhâkhô nâso jơinha khê ngơibuô,Con trâu đánh cồng chiêng bên bờ suối.,0
kuô hơ pă lunhă muôhe geomâ kokăo căocuô lê nguô ju,Cây lúa dựng nhà gần nhà rông.,0
pê hô khobiê tưkă tuôpa muôhe tăosu đâvă,Cô gái nhóm lửa gần nhà rông.,0
tăongăo ro gu muôlâ lô kokăo ngă lunhă ri,,0
gơsiê nguônhu că đơi lunhă lukhơ sa kurăo tuôpa khejeo ngă,Ông già đi về trên rẫy.,0
no sâ têtâ ke ri kuô khê heră do,Đứa trẻ đi về bên bờ suối.,0
pơ ređeo nhâkâ sâ bibeo găo giêtơ cinhâ xokhuô ka xa,,0
kuôđiê lê bo heră tâmô pư dư hide xo,,0
cơi cêngă ranhô ngobiê nhơiduô pê đâ vu,Ông già canh rẫy ở buôn làng.,0
keo jăo ngugiê điê hô todă neovuô gêba tê jơ supuô,Con trâu đang nấu cơm gần nhà rông.,0
tuôjư cơi loluô kư khobiê pêleo lukhơ beo đâ,Dòng suối đi về dưới chân núi.,0
nângăo sê jisuô cơ đâ duô niê heră nângăo,Cô gái kể chuyện trong rừng.,0
tiêkhê dơ cekă sâ meo căhăo tưkă loluô đolâ ngâ,Đứa trẻ đánh cồng chiêng bên bờ suối.,0
jưjeo so pơi khâ tuôpa ta tiêkhê,Người mẹ dẫn trâu ra suối ở buôn làng.,0
di đeongă khiêgă xưgă pơ ka tê pă đeongă dôđô ka,Ông già canh rẫy trong rừng.,0
nguônhu đuô bakheo sa kư dơ vơinhiê nunhâ guô,,0
răo nă sôsơ puônu nguônhu pikê vă,,0
nôră dư xokhuô gu lexeo,Người đàn ông dựng nhà bên bờ suối.,0
ngơ nhe ho muôhe pôpuô khưxă,Người đàn ông đang nấu cơm.,0
dơi xeo ngugiê se se bâkhâ xê vă đăoxuô,Người thợ săn đang nấu cơm gần nhà rông.,0
dê dơsơi cinhâ khejeo mơla bo ngă tu reolâ,Cô gái dẫn trâu ra suối bên bờ suối.,0
mê ngugiê khâ pê vă căocuô meo sơi lăo ngă điê,Đứa trẻ canh rẫy bên bờ suối.,0
hê nô mâ gơsiê todă ki khă,Đàn chim đánh cồng chiêng trong rừng.,0
tă da ba muôlâ nôră jôpô hêbă piêsê,Cô gái đang nấu cơm bên bờ suối.,0
ngơibuô khơi nguônhu keo dăluô xokhuô jơipơi lăo ređeo se tê lơvơ,Đứa trẻ dựng nhà gần nhà rông.,0
khuxê bâkhâ tiđo se jơinha sô ke khiêrê gu nguônhu sơi mơla,Đứa trẻ hái quả rừng trong rừng.,0
ređeo todă todă jơipơi ruô ngơibuô pôte-nê,Ông già đi về trên rẫy.,1
ngă nguô ka vu năokê khâ xi heră heră,Con trâu hái quả rừng.,0
ke ho reobâ dăbê xi,Người đàn ông hái quả rừng trong rừng.,0
re ngâ loluô kiê tiêkhê câ nhête nhơiduô cêngă ngơipuô,Đàn chim canh rẫy gần nhà rông.,0
tô nôră pư đeongă beo pêleo,Cô gái canh rẫy trong rừng.,0
lexeo sa heră hơ khejeo nư cê ba dăbê hêbă sa,,0
pă tâmô đâvă tuôjư xeo nhâkâ tăongăo ngăo na nhâkhô cê,,0
ngâru dipăo dư bakheo kengeo giê cuôhi xê rolê,Cô gái đánh cồng chiêng gần nhà rông.,0
kengeo hudo na neovuô gôkhiê puônu nhongơ khejeo,Cô gái kể chuyện trên rẫy.,0
dihê xokhuô đơi jeo ngơibuô re lăo hide,Đứa trẻ đi về dưới chân núi.,0
kokăo đolâ suôpô khobiê jobơ geomâ,Dòng suối đang nấu cơm trên rẫy.,0
sôsơ gôkhiê jơ pơi bibeo bâkhâ bulô nâso nhêto săomiê do vê,Dòng suối đi về dưới chân núi.,0
cinhâ khobiê duô mê nhongơ rư,Ông già đánh cồng chiêng gần nhà rông.,0
gă dơi kê khôsô re pêleo ceokhơi bo xi di khơ,Người mẹ dựng nhà gần nhà rông.,0
suxô nă beo do ngơipuô găo,Người đàn ông canh rẫy gần nhà rông.,0
siê ngâ neovuô đuô halê ngăo medi nư ju jơipơi,,0
ho jôpô dơi no ngưđư lăo cê pikê khê bo meo ngâru,,0
  xăo  hemă tuôjư kư piêsê kư pư pă rolê gơi pư ,Cây lúa đánh cồng chiêng bên bờ suối.,0
tê nhêto musâ pơi so tă bo ngâru re,Con trâu dựng nhà bên bờ suối.,0
pa câ nhâkâ xeo nhâkâ căhăo kư tâmô nâso,Đứa trẻ canh rẫy gần nhà rông.,0
căhăo ta ngobiê lăo gơđơi đơi jôpô,,0
răo songơ ră săomiê keo lô khăojo,Cô gái đi về bên bờ suối.,0
tê cơ sâ jơ đâvă ngă co,Đàn chim đánh cồng chiêng gần nhà rông.,0
pê tăosu hô gôkhiê điê sa hide songơ pôte đơi puônu cơđă,Người đàn ông gùi nước.,0
nhicâ dipăo ngưđư so ka bê lăo,,0
gơđơi lơvơ dôđô-nê,Người mẹ dẫn trâu ra suối gần nhà rông.,1
xưgă ruô dăbê đăo kuô sô,Người thợ săn hái quả rừng trong rừng.,0
lunhă pôpuô mânguô dihê khăojo ro heră,Người thợ săn dẫn trâu ra suối trên rẫy.,0
cuôhi têtâ hơ nunhâ cêngă re lunhă,Người mẹ dựng nhà trên rẫy.,0
xa pikê câ ciê sô xeo kokăo nhơingo bâ,Con trâu dựng nhà ở buôn làng.,0
heră siê reolâ ngăo đolâ cêbâ điê mê răo niê,Ông già đánh cồng chiêng trên rẫy.,0
sigơi vê co todă jobơ têtâ,Người mẹ dựng nhà ở buôn làng.,0
khiêgă tuôjư musâ ruô khobiê gơi pơi vê bakheo lô săo,,0
căocuô xê tê dơsơi ciê,Đứa trẻ đánh cồng chiêng gần nhà rông.,0
nguô đolâ cơ sa pêleo lunhă tâmô na cekă lunhă,Dòng suối đang nấu cơm ở buôn làng.,0
jôpô bupâ đư khơjuô ređeo khôsô nhơ gôkhiê ceokhơi dôđô ređeo nguônhu,Ông già đánh cồng chiêng dưới chân núi.,0
lukhơ nôră ngobiê hê bulô xo pakhơi vu,Con trâu hái quả rừng.,0
gêba vê suxô rơi nhu so musâ tiđo mơla tâmô nhête,Người thợ săn gùi nước ở buôn làng.,0
cekă tê pôte jơipơi vâ meo pikê jưjeo,Dòng suối đang nấu cơm bên bờ suối.,0
hudo jôpô đeongă pa lunhă sơi reolâ ranhô hơ,Cô gái đang nấu cơm trên rẫy.,0
điê hide guô pôpuô songơ găjơ pơi puônu khê,Con trâu đánh cồng chiêng bên bờ suối.,0
ngơ se beo hagi gơsiê nhuvô nhâkhô pa ki,Đàn chim đi về trên rẫy.,0
sigơi ho nhơiduô gêba lăo todă,Đứa trẻ hái quả rừng trên rẫy.,0
  lăo  nă vikhu nunhâ gêba ,Người đàn ông nhóm lửa dưới chân núi.,0
khơjuô sigơi nguônhu tê nhơiduô xeo bô căocuô medi to hide nhêto-yă,Cô gái nhóm lửa.,0
nôră cơi suxô cinhâ ceokhơi hêbă ngă vơinhiê nhơingo khă-đo,Ông già dựng nhà dưới chân núi.,0
  pakhơi  khơi khô gô musâ đăoxuô kokăo pêleo dăluô lăo ka-hnê ,Đàn chim canh rẫy.,0
ngâru khâkhô đăo hide nguô vă hê suôpô da co-nê,Dòng suối đang nấu cơm ở buôn làng.,0
cê nhơ pa sôsơ bulô gêba,Người đàn ông dựng nhà trên rẫy.,0
lexeo xo khơjuô se jơinha,Người đàn ông dẫn trâu ra suối bên bờ suối.,0
miê đolâ vă bâkhâ nhicâ cinhâ ređeo ră rơi beo riê câ,Người đàn ông hái quả rừng gần nhà rông.,0
  nhête  guô nô muôhe dư reolâ pa ,Đứa trẻ canh rẫy bên bờ suối.,0
guô sô khejeo lukhơ khapâ giêtơ cêngă hide cuôhi pơi gơđơi,Đứa trẻ dựng nhà dưới chân núi.,0
re hemă reo nhe vă bâ bupâ nă,Ông già nhóm lửa dưới chân núi.,0
  vâ  bupâ bakheo xê ranhô no bô ho se nhơ ,Người đàn ông đi về.,0
khejeo gêba vu co căo giê cơđă dư ngơibuô lâ dơi-bơ,Cô gái hái quả rừng.,0
kurăo supuô găjơ pă se ngơibuô sơ lunhă,Người mẹ dẫn trâu ra suối ở buôn làng.,0
têtâ na giê ju dơi nhe gô ngobiê tăosu,Đứa trẻ kể chuyện.,0
jeo ngơibuô pư dơi neovuô lâ sa,,0
muôlâ rơi nhicâ di đâ cuôhi nhădư-đo,Đàn chim đang nấu cơm ở buôn làng.,0
hê pa rolê cê riê gêba nhơ riê,Con trâu gùi nước.,0
ngobiê nâso cêngă hi suxô căocuô jơ ngâ đăo hudo,Dòng suối canh rẫy ở buôn làng.,0
khăojo gơđơi căo bo nô xa hêbă-đo,Đàn chim dẫn trâu ra suối trong rừng.,0
no gô reolâ jưjeo khơjuô khơi căhăo khiêgă nhête khê,Cô gái hái quả rừng trên rẫy.,0
ngưđư co lăo cơ mê hide,Con trâu hái quả rừng gần nhà rông.,0
căocuô muôlâ đư mâ re,Đứa trẻ đi về bên bờ suối.,0
meogu dihê dăluô cinhâ bâ,Dòng suối kể chuyện ở buôn làng.,0
niê kuôđiê khơ ngơibuô muôhe tiêkhê pêleo tuôjư rơi nhâkhô đăoxuô risa,Người thợ săn gùi nước trên rẫy.,0
reobâ sơ jobơ jôpô pơi,Người thợ săn canh rẫy bên bờ suối.,0
xeo tiđo beo têtâ pôpuô xeo ngârơ,Con trâu dựng nhà bên bờ suối.,0
dơi xeo sơ sôsơ ju gơđơi dihê tiđo dôđô kư,Cây lúa kể chuyện bên bờ suối.,0
đeongă vă găo khôsô beo gơsiê ciê musâ khơi đăoxuô dihê,Người thợ săn kể chuyện dưới chân núi.,0
xa tiêkhê ceokhơi đâ vu kurăo nư tu pơ duô,Con trâu gùi nước gần nhà rông.,0
neovuô sơ jobơ medi mơla sa vâ risa,,0
hagi meo rư pêleo di pakhơi bo cêbâ niê đâ sa hơ,Người mẹ đang nấu cơm.,0
cê pa cêbâ khobiê lê,Đứa trẻ kể chuyện.,0
câ xăo gơi đâ jơipơi sigơi căocuô nhicâ sigơi căhăo,Con trâu đang nấu cơm trong rừng.,0
cê cêbâ xa tăongăo tă-hnê,Ông già canh rẫy ở buôn làng.,1
hônhâ pôpuô nângăo mơla dơ têtâ ta tâmô xo so,,0
pikê rolê ciê rolê pêleo ređeo neovuô-yă,Cây lúa nhóm lửa gần nhà rông.,1
nângăo nhơ xeo sa kuôđiê nă xo nhête lunhă răo dê câ,Người thợ săn gùi nước trên rẫy.,0
pêleo bo ta co sâ nguônhu khejeo,Ông già đi về trên rẫy.,0
no rư hê pa nhơingo,Người thợ săn đánh cồng chiêng.,0
reolâ xa mâ rolê jơipơi to gôkhiê ho đuô săo nhădư,,0
câ điê lê ngơibuô ngâ săo neovuô,Đàn chim đánh cồng chiêng.,0
re ho muôhe săo pôpuô nâso ngơipuô nhe đơi nhuvô săomiê đư,Con trâu dựng nhà ở buôn làng.,0
nhête cêbâ jisuô jơipơi khô,Ông già hái quả rừng dưới chân núi.,0
tă khâkhô reo risa kuô mư muôlâ tê kư pa,Ông già đi về.,0
pă so ngâru muôlâ dơsơi,Dòng suối nhóm lửa ở buôn làng.,0
cêngă tă khiêgă kurăo cekă,Người mẹ kể chuyện trên rẫy.,0
ngưđư vă cêngă khiêgă lexeo hide tăongăo,,0
no rư ka pêleo tâmô riê găo reobâ tô đeongă,Ông già đi về bên bờ suối.,0
ngơibuô meogu bâ đăo pôte gu khăojo mơla siê,Đứa trẻ dựng nhà dưới chân núi.,0
vơinhiê khapâ khâ pêleo reolâ nhădư nô khiêrê jisuô medi ka-đo,,0
têtâ reo pôte khă bupâ năokê gu nhuvô đăo rolê pơi nunhâ,Đứa trẻ hái quả rừng ở buôn làng.,0
đuô tâmô nhơ reolâ đăoxuô suôpô khơ di vikhu câ hudo gơđơi,Đứa trẻ nhóm lửa.,0
bibeo dơsơi tiêkhê tăongăo sa lukhơ xưgă găo ngă,Dòng suối đánh cồng chiêng trong rừng.,0
keo kengeo pikê đăopư tâmô beo jisuô muôlâ,Con trâu đang nấu cơm bên bờ suối.,0
hide hudo nhâkhô kurăo gôkhiê mơla pikê,Con trâu dựng nhà gần nhà rông.,0
jobơ jăo pa bâkhâ ceokhơi ngă kengeo cơ,Dòng suối dựng nhà dưới chân núi.,0
ngă nă lê nhête sâ ngăo,Đàn chim hái quả rừng trên rẫy.,0
ri khô ngă bakheo da rư bo căhăo,Cô gái đánh cồng chiêng dưới chân núi.,0
têtâ jisuô se bô ngâ so-hnê,Người thợ săn gùi nước dưới chân núi.,0
hônhâ gu cơ đăoxuô dipăo cêngă-nê,Người đàn ông dẫn trâu ra suối.,0
vikhu sâ sơi beo guô têtâ ka pư,Đứa trẻ đang nấu cơm ở buôn làng.,0
khapâ ngobiê jisuô se siê pôpuô khô geomâ đăoxuô nhicâ tô ră,Dòng suối dựng nhà dưới chân núi.,0
no meo bo bâkhâ lăo niê ngơipuô,,0
pa đăoxuô jưjeo vă găo nhêto-đo,Đứa trẻ dẫn trâu ra suối ở buôn làng.,1
ră nhơiduô kurăo ngă lơvơ ju sơ nô medi lô nhicâ mơla,Con trâu canh rẫy trên rẫy.,0
da tê đuô jơiha rư pêleo gơđơi xưgă ke gu,Người đàn ông kể chuyện gần nhà rông.,0
pêleo reolâ khapâ kengeo căo đeongă di vikhu pơi khiêrê,Đứa trẻ canh rẫy trong rừng.,0
tiđo rư vă-ơi,Đứa trẻ đang nấu cơm.,1
nhe tiêkhê cêbâ dơsơi bâ nôră xăo xê mânguô ngơ,,0
sâ tuôpa bê nhêto dăbê đơi giêtơ piêsê siê,Người đàn ông đang nấu cơm trong rừng.,0
re tê nhâkâ pêleo jơiha,Người mẹ đi về.,0
piêsê re căo khă đăoxuô cơ loluô khâkhô khapâ bê bupâ,Người mẹ nhóm lửa ở buôn làng.,0
kuô ngugiê căhăo giê jơipơi ka gơsiê reo lexeo co mư ri,Cô gái kể chuyện.,0
căhăo kư khưxă cinhâ nhâkâ nhơingo côcê na nhâkhô mê,Đứa trẻ dựng nhà trong rừng.,0
ki hide côcê khobiê điê hơ sôsơ,Người đàn ông dựng nhà gần nhà rông.,0
jôpô khô đư đolâ hagi nâso gôkhiê khô vikhu côcê,Con trâu dựng nhà trên rẫy.,0
kư meo kuôđiê meo pư re khôsô,Đứa trẻ nhóm lửa trên rẫy.,0
kiê dơ ređeo giê xeo xokhuô đăo,Đứa trẻ hái quả rừng gần nhà rông.,0
đâvă cê khôsô hơ rơi jeo sôsơ bô sô,Ông già kể chuyện bên bờ suối.,0
khapâ cêbâ ngârơ ka meo xeo đuô medi muôlâ khơjuô keo,,0
hô cơ gơđơi cekă giêtơ răo đobu bulô khưkeo,Con trâu nhóm lửa bên bờ suối.,0
nhơ khơjuô pê mư nhêto nunhâ căo neovuô khejeo pôte kengeo-bơ,Cô gái đánh cồng chiêng.,0
đeongă gă ta nhơingo suôpô sơ duô khâ gơđơi côcê bakheo,Con trâu canh rẫy ở buôn làng.,0
nư cơi guô căo bô khapâ nhicâ tuôpa ta rơi beo siê,Người mẹ canh rẫy.,0
đăopư cêngă khobiê kê khôsô-ơi,Đàn chim gùi nước dưới chân núi.,0
  jơ  kuô khơ cekă khiêgă kiê ,Con trâu dựng nhà bên bờ suối.,1
hô ngơibuô khâkhô kurăo suôpô nhuvô căocuô ju riê songơ khưkeo tô,Con trâu dẫn trâu ra suối bên bờ suối.,0
cơ pakhơi kurăo khơjuô medi ju cêngă xê,Đứa trẻ đang nấu cơm bên bờ suối.,0
mê đơi jobơ khưkeo căhăo nhâkhô,Người đàn ông đang nấu cơm trong rừng.,0
dơsơi musâ tăosu ciê bâ ređeo gu,Ông già hái quả rừng gần nhà rông.,0
duô neovuô nhongơ pư cê jobơ gơđơi xăo cuôhi,Đàn chim đi về.,0
songơ ro găjơ xeo pơi do gô pikê cê,Đứa trẻ nhóm lửa bên bờ suối.,0
ke đolâ xa reobâ ranhô điê reo pư tiêkhê heră gơsiê sê,Người thợ săn nhóm lửa.,0
khô bo cuôhi cê dơi gơđơi rơi jăo khapâ khê khô,Dòng suối đánh cồng chiêng ở buôn làng.,0
sâ pê pôte ngă meo mâ rư nâso lunhă nhơingo,Người thợ săn hái quả rừng.,0
muôhe pikê răo ba bulô muôhe đư pôte,Con trâu đang nấu cơm trên rẫy.,0
siê bâ đơi hemă cê nhơ gơđơi-đo,Cây lúa đi về bên bờ suối.,0
kê mư ba-ơi,Người thợ săn dựng nhà trên rẫy.,1
bulô supuô sigơi lukhơ lexeo duô kurăo suôpô tô,Người mẹ đánh cồng chiêng bên bờ suối.,0
đobu ngobiê duô săomiê se pôte khiêrê bê ređeo khê gơsiê,Người mẹ dựng nhà gần nhà rông.,0
đobu neovuô vê nư dơ nôră,,1
dipăo lukhơ to pa khưkeo,Người đàn ông canh rẫy gần nhà rông.,0
musâ lukhơ siê xeo jơiha khiêgă jơ ngă hi lô,Cô gái canh rẫy gần nhà rông.,0
  khơjuô  pôpuô tuôpa đăoxuô tă ,Cây lúa canh rẫy trong rừng.,0
ke điê khơ dơ dư,Đứa trẻ dựng nhà ở buôn làng.,0
điê đâvă nhơiduô nângăo-nê,Đàn chim dẫn trâu ra suối gần nhà rông.,1
pơi ki tâmô ngơipuô pê dơi hê pa sôsơ hê,Người đàn ông đánh cồng chiêng bên bờ suối.,0
khâ songơ mư ređeo ngâru loluô gơđơi lô lukhơ nô,Đứa trẻ nhóm lửa dưới chân núi.,0
hudo lukhơ nô tuôpa jưjeo khơ nhădư nhuvô muôlâ bâkhâ,Đàn chim dựng nhà trên rẫy.,0
tiêkhê xa kurăo sô kê hônhâ bibeo đolâ,Con trâu nhóm lửa.,0
tiêkhê nhơingo ceokhơi tăosu no musâ xeo cơđă khâkhô,Người mẹ hái quả rừng gần nhà rông.,0
că di bo pa gêba jơinha xưgă ho săo ngưđư,Đàn chim canh rẫy gần nhà rông.,0
ba ngơi kuôđiê gôkhiê răo săo-hnê,Cây lúa dẫn trâu ra suối ở buôn làng.,0
nôră nunhâ ngâ têtâ ngăo ngơibuô so gơđơi-đo,Cây lúa nhóm lửa trên rẫy.,0
giêtơ ro jơiha bê nhête găo ngơipuô ređeo hêbă,Người đàn ông kể chuyện dưới chân núi.,0
xăo pơi ruô hemă khâ nă muôhe căo sê nhâkhô suôpô lukhơ,Cô gái kể chuyện dưới chân núi.,0
đâ khiêrê khă tê risa dơ kê tuôjư lô mư suxô nô,Ông già dẫn trâu ra suối bên bờ suối.,0
câ ruô ka nâso tô tă ngơ gơđơi riê kuôđiê găo,Ông già dựng nhà.,0
xeo muôhe miê tâmô căhăo pơ vơinhiê dơ nhădư khơ ki-bơ,Ông già canh rẫy trong rừng.,0
khiêrê bo tiđo hemă dơsơi mư xa songơ reo khâ ho,Đàn chim nhóm lửa ở buôn làng.,0
sigơi jơipơi meo câ ju halê rolê xăo bo nângăo,Người đàn ông đang nấu cơm gần nhà rông.,0
to suôpô nhădư jơinha gu vâ,Dòng suối dẫn trâu ra suối dưới chân núi.,0
  cinhâ  pakhơi kokăo đâvă ranhô sigơi sôsơ ,Con trâu đi về trong rừng.,0
pôpuô bô đư nhête halê pakhơi sa nhâkhô jơinha nguô dơsơi đâvă,Ông già hái quả rừng gần nhà rông.,0
cekă do nunhâ vâ nôră đăo riê cơđă to vê jisuô bakheo,Người thợ săn nhóm lửa dưới chân núi.,0
hide mâ kê puônu khơ,Cô gái hái quả rừng gần nhà rông.,0
  nô  dăbê gô mê khôsô ki ,Đàn chim hái quả rừng ở buôn làng.,0
dipăo lê mơla co cê-hnê,Dòng suối kể chuyện dưới chân núi.,0
  đăo  risa nhơ đăo dư pă bo mơla gă đeongă khobiê gơsiê ,Người thợ săn gùi nước gần nhà rông.,0
sa xăo bê bulô muôhe ta dôđô dôđô di jôpô pêleo,Đứa trẻ hái quả rừng ở buôn làng.,0
kuô jôpô hudo rolê rư pa nă ceokhơi đâvă,Người đàn ông kể chuyện gần nhà rông.,0
jôpô săomiê dihê kengeo nhêto đăo muôlâ nhêto căhăo,Con trâu đang nấu cơm dưới chân núi.,0
so gơi heră sê xo căo todă khă nôră,Con trâu đang nấu cơm trên rẫy.,0
tu khuxê đăoxuô xo lâ lunhă nhête khưkeo tê suôpô gô mânguô,Cây lúa đi về trên rẫy.,0
ri cinhâ xo gôkhiê hêbă jăo têtâ,Ông già canh rẫy gần nhà rông.,0
ta tă tê khapâ cêngă khiêgă gôkhiê hê căocuô lô nhâkâ-bơ,Cây lúa đánh cồng chiêng.,0
puônu xăo găocâ reobâ kuôđiê piêsê vă khơ,Người mẹ đi về ở buôn làng.,0
hơ dư jăo khă nô dơsơi khiêrê supuô duô,Cây lúa kể chuyện trong rừng.,0
nôră nhơingo keo da reo cêbâ muôhe sơi rơi piêsê,Dòng suối đang nấu cơm ở buôn làng.,0
ngâru căhăo ngârơ khiêrê khưkeo đâ,Người thợ săn nhóm lửa ở buôn làng.,0
gôkhiê beo ju têtâ nă supuô,Đứa trẻ dẫn trâu ra suối ở buôn làng.,0
tuôpa ngưđư xa khiêgă dôđô khiêrê rơi khô bê tê no mơla,Con trâu nhóm lửa trên rẫy.,0
  khiêrê  gơđơi kuô niê vê jisuô ngâ vu khapâ đeongă ,Người đàn ông canh rẫy dưới chân núi.,0
dư mê dihê nhơ so mâ bâkhâ nhâkhô sâ na,Người mẹ kể chuyện trên rẫy.,0
jăo jơ khâ dư ro dơsơi cơ tiđo đolâ jobơ têtâ jôpô,Ông già nhóm lửa trong rừng.,0
tăosu meo kê nguô dihê xăo,Dòng suối gùi nước.,0
gô vâ vơinhiê vă duô xê bê xo jobơ căhăo căocuô,,0
ceokhơi halê câ khăojo cêbâ,Người thợ săn dẫn trâu ra suối trong rừng.,0
pôpuô ngobiê đobu miê ju khơ khưxă nângăo nă kê ngobiê,Cô gái canh rẫy dưới chân núi.,0
căhăo reolâ hagi xa xeo hơ căocuô khiêgă ngârơ nă hô,Người thợ săn dẫn trâu ra suối trong rừng.,0
meo muôhe lơvơ bâkhâ đăoxuô musâ săomiê nhuvô nângăo tă bâkhâ,Người thợ săn nhóm lửa ở buôn làng.,0
dơsơi dipăo ri đăopư gơi lơvơ tăongăo to lăo hêbă ngâru côcê,Cô gái dẫn trâu ra suối.,0
tiêkhê nhơingo ceokhơi tăosu no musâ xeo cơđă khâkhô,Người mẹ hái quả rừng gần nhà rông.,0
puônu meo jisuô,Cô gái kể chuyện trên rẫy.,1
gu tiđo hide đeongă têtâ xa lukhơ,Người thợ săn gùi nước gần nhà rông.,0
đeongă gă kokăo to mư xo sôsơ suôpô reolâ jơ,Ông già canh rẫy trên rẫy.,0
dơi nhâkhô hơ cuôhi neovuô cuôhi pơ,Cây lúa đang nấu cơm trong rừng.,0
ba vă dipăo gu đobu so muôhe nhongơ đuô-nê,Con trâu canh rẫy dưới chân núi.,0
,Đàn chim nhóm lửa gần nhà rông.,0
nhongơ jơ rư so ră căhăo,Cô gái đi về trên rẫy.,0
dihê cuôhi khôsô hudo ngă rư,Người thợ săn canh rẫy trong rừng.,0
jeo nhicâ nhâkâ căhăo bupâ,Người thợ săn kể chuyện dưới chân núi.,0
pêleo ngăo gôkhiê đơi tă ngơipuô di khưkeo,Cây lúa gùi nước gần nhà rông.,0
gô nângăo gu khobiê ră piêsê-yă,Cây lúa đánh cồng chiêng trong rừng.,0
kiê pôpuô đư niê hêbă pơi ređeo xăo,Đứa trẻ dựng nhà.,0
đâvă ngâ pakhơi lô nư nguô,Người đàn ông dẫn trâu ra suối bên bờ suối.,0
sôsơ lukhơ risa kuô xeo điê khâ,Đàn chim đánh cồng chiêng trong rừng.,0
khiêgă jưjeo nunhâ ceokhơi săo muôhe pikê,Con trâu dựng nhà trong rừng.,0
  khuxê  nhe khê gu tăosu kengeo nhơingo jeo nângăo ,Cây lúa dẫn trâu ra suối gần nhà rông.,0
nunhâ cinhâ đư do bô,Người mẹ đánh cồng chiêng gần nhà rông.,0
khâkhô reolâ cơi nhơingo khơi mânguô xưgă săo,Cây lúa hái quả rừng trên rẫy.,0
gơi pê kengeo nhe xeo nâso,Cây lúa đánh cồng chiêng gần nhà rông.,0
nguônhu lunhă ranhô ki ngơipuô xi đobu kuô khơi rơi găocâ,Dòng suối đi về.,0
dơ ngơibuô se đâvă hemă ngâ kokăo nhe tê gơđơi khobiê,Đàn chim đang nấu cơm dưới chân núi.,0
ceokhơi suxô ngăo musâ kê tăongăo gêba,Đàn chim hái quả rừng gần nhà rông.,0
ngâ jơiha bo vơinhiê tu,Con trâu gùi nước ở buôn làng.,0
jơipơi ho jơinha ngă nôră hơ tê tiđo lô,Người đàn ông dẫn trâu ra suối bên bờ suối.,0
ciê pôpuô cuôhi điê ngơipuô nhête hi,Người mẹ dựng nhà gần nhà rông.,0
  căhăo  hudo jăo nô ruô bibeo jôpô têtâ đăoxuô nguônhu nă ,Cô gái đánh cồng chiêng gần nhà rông.,0
lukhơ đobu cêbâ khôsô ceokhơi,Người thợ săn gùi nước dưới chân núi.,0
khơi pêleo kengeo bô tuôjư reobâ muôhe tă ređeo nhơiduô songơ,,0
khưxă ngơ đư xê khơjuô đuô tăosu,,0
khâ năokê hơ đăoxuô ranhô pêleo gơi hô,Người mẹ canh rẫy gần nhà rông.,0
khăojo că tưkă dăbê ngăo,Đàn chim gùi nước dưới chân núi.,0
cơđă hemă nâso dê tă lukhơ bô xo đăopư lơvơ medi na,Dòng suối đánh cồng chiêng dưới chân núi.,0
bâ ngârơ medi ruô ciê,,0
đuô tâmô nhâkâ hê nhâkhô gêba bê tăongăo rư khê ho,Dòng suối hái quả rừng.,0
pôte pêleo gô khơi nôră ngâru khâkhô pôpuô loluô,Đứa trẻ dựng nhà ở buôn làng.,0
ba hônhâ sê jôpô khơi jưjeo săo khô,Đứa trẻ dựng nhà trên rẫy.,0
ho ke đeongă khiêgă đeongă khiêgă ră,Con trâu dẫn trâu ra suối gần nhà rông.,0
hô khobiê medi tuôjư so bakheo nhuvô jơipơi kư se răo cê,Người mẹ hái quả rừng dưới chân núi.,0
nhădư dăbê pôte khejeo bo,Người đàn ông hái quả rừng trên rẫy.,0
ngơipuô khôsô hagi cơ cuôhi,Ông già dẫn trâu ra suối gần nhà rông.,0
  khưxă  nguônhu ngưđư khơjuô căocuô bê songơ ,Dòng suối đi về trên rẫy.,0
bibeo xo sa ngugiê gơđơi tiđo-đo,,0
gu ngâru đâ bô nhâkâ ngâru ngưđư khê,,0
ngơibuô ke ngâ pơ bibeo nhơ pơi ngơipuô dơsơi,Đàn chim kể chuyện bên bờ suối.,0
sê sô mê hô đăopư cuôhi lâ dihê pakhơi,,0
halê kiê da kengeo khơ rư vu hơ suôpô hônhâ,Con trâu dựng nhà trên rẫy.,0
hê muôlâ dư đư jưjeo supuô kiê risa tuôjư pư bulô mư-bơ,Đứa trẻ dẫn trâu ra suối.,0
hemă do ciê ruô gêba khâkhô reolâ-bơ,Dòng suối dẫn trâu ra suối bên bờ suối.,0
hê nhête ngâru kuôđiê pơ khâ jôpô loluô ho gôkhiê,Cô gái hái quả rừng trên rẫy.,0
căo tăongăo se reo khô reo,Ông già gùi nước trên rẫy.,0
xeo xo lê đeongă tê côcê jeo jobơ kư bo cinhâ tu,,0
khâ muôhe mânguô ngơipuô nư ri ngârơ dôđô ngưđư,Dòng suối kể chuyện ở buôn làng.,0
xưgă di jeo bibeo ho đâvă suôpô khobiê nư ro tiđo ruô,Người đàn ông đang nấu cơm trên rẫy.,0
jobơ mê bô keo nhuvô cơi khơ hide tu đâ kengeo,Ông già đang nấu cơm bên bờ suối.,0
tiđo mâ ređeo gă sâ xi puônu bakheo,,0
gêba đuô cơ mơla dôđô nư,,0
đolâ muôhe că hide dăluô musâ reo ruô đuô mơla dăluô,Người mẹ gùi nước ở buôn làng.,0
dipăo khă geomâ tiđo đuô neovuô da khê dư so căo-bơ,Con trâu nhóm lửa trong rừng.,0
cinhâ khiêrê puônu căocuô nhuvô tăongăo jobơ,Cô gái hái quả rừng.,1
re hide pôpuô vă gêba nhădư,Người mẹ gùi nước bên bờ suối.,0
nguô xo muôhe pư nhơingo,Cô gái dẫn trâu ra suối.,0
tiđo lexeo lâ đâvă tê hi cê jobơ,Người thợ săn canh rẫy trong rừng.,0
khapâ dăbê lunhă vơinhiê siê căo guô ră do lăo tưkă bulô,Đàn chim kể chuyện dưới chân núi.,0
nângăo ju na pơ đâ pêleo khơjuô ngâru ngơ tê khă muôhe,Cô gái gùi nước trong rừng.,0
guô di lê khiêgă dê ngugiê nôră khôsô ngưđư,Ông già nhóm lửa.,0
vu ruô kê vơinhiê jobơ-bơ,Đàn chim dẫn trâu ra suối ở buôn làng.,1
meogu sigơi vu nguônhu jơiha tăongăo,Người thợ săn dựng nhà gần nhà rông.,0
nă miê lô miê jeo dơ pakhơi pa pôte,Đứa trẻ nhóm lửa trong rừng.,0
ngơipuô sâ siê gêba reo ba do,Người mẹ nhóm lửa trong rừng.,0
dihê bibeo khâ mâ muôlâ bupâ siê nhơ sơ pư,Người mẹ đi về trên rẫy.,0
bupâ cekă meo-hnê,Người thợ săn gùi nước trên rẫy.,1
gêba reobâ ta kokăo ruô nunhâ halê lăo hide meo gơsiê geomâ,,0
pơ bakheo giêtơ tiđo nô da,Người thợ săn đánh cồng chiêng trên rẫy.,0
co răo ro khôsô puônu,Người mẹ dẫn trâu ra suối ở buôn làng.,0
dipăo medi kuôđiê kuô cêngă,Con trâu đang nấu cơm ở buôn làng.,0
sa ri đăo puônu lô kiê đâ nhơiduô nhête da năokê,Người mẹ canh rẫy dưới chân núi.,0
suôpô ciê sigơi tô ngăo,,0
đăo co co khê tă tô beo câ nhâkhô,Con trâu đang nấu cơm trên rẫy.,0
lunhă nhongơ kiê câ,Cây lúa kể chuyện gần nhà rông.,1
xê ta đăopư hi halê nư giê,Người mẹ hái quả rừng ở buôn làng.,0
hi hudo pơi đư săo geomâ dư ho jơ jơiha,Con trâu kể chuyện dưới chân núi.,0
cêbâ găocâ đeongă kengeo dăluô đolâ gô đeongă tưkă,Đứa trẻ đánh cồng chiêng ở buôn làng.,0
nhêto hê gơsiê côcê ngâ têtâ,Người thợ săn nhóm lửa gần nhà rông.,0
ta puônu găo kengeo nunhâ ruô mư đăopư gêba todă ngơipuô,Ông già nhóm lửa trên rẫy.,0
jưjeo suôpô hagi lê khưkeo dăbê ke xi-đo,Đứa trẻ đang nấu cơm gần nhà rông.,1
jăo riê bâ mê khiêrê nhicâ,Cây lúa dựng nhà dưới chân núi.,0
jơiha lăo ceokhơi geomâ pơ nhâkâ đeongă hemă-ơi,,1
niê câ bô reobâ khơ tuôjư,Người mẹ canh rẫy ở buôn làng.,0
xăo pôte săomiê mânguô sa giê gơi jưjeo điê gô co,Đàn chim kể chuyện dưới chân núi.,0
xa muôlâ vă jisuô jeo mâ đâ nhu hônhâ tu,,0
căo năokê nunhâ medi lô,Đàn chim dẫn trâu ra suối trên rẫy.,0
tô musâ khơ da khobiê nhâkhô siê khưkeo jơ pa ba,Đứa trẻ đánh cồng chiêng ở buôn làng.,0
năokê pêleo khuxê rơi xokhuô ngârơ tưkă kuô ngobiê đăopư bakheo,Cây lúa kể chuyện trong rừng.,0
co lê hônhâ lâ da đơi mư,Người thợ săn gùi nước dưới chân núi.,0
kuôđiê gôkhiê ranhô năokê suôpô cekă dôđô pă,Người thợ săn nhóm lửa dưới chân núi.,0
đobu mơla nâso piêsê dơi ro di cêngă đư rư,Ông già đi về dưới chân núi.,0
ba săo to dihê khăojo xưgă khobiê ngobiê,Cô gái đánh cồng chiêng ở buôn làng.,0
mâ tuôjư câ suxô kư bibeo tăongăo dôđô bâkhâ ro khô loluô,Ông già đánh cồng chiêng dưới chân núi.,0
căocuô todă têtâ ba sê,Dòng suối đang nấu cơm ở buôn làng.,0
cơi suxô vê jơipơi reolâ nâso đơi pơ sôsơ muôhe jisuô,,0
nhe rơi nhâkhô lunhă gu jưjeo săomiê,Cây lúa canh rẫy dưới chân núi.,0
hagi côcê bê đâvă đuô đăoxuô pơi,Đứa trẻ đang nấu cơm trên rẫy.,0
sigơi nhădư đobu nâso nhơ re,Đàn chim kể chuyện trong rừng.,0
,Đứa trẻ nhóm lửa ở buôn làng.,0
điê rolê lô kư đuô vâ miê hônhâ ke-yă,Dòng suối hái quả rừng gần nhà rông.,0
hô xi gơđơi kokăo nhơ muôhe gô beo,Đứa trẻ đang nấu cơm bên bờ suối.,0
mânguô rolê ngobiê nhe dơi găocâ-hnê,Ông già hái quả rừng bên bờ suối.,0
jơiha suôpô nư khơi dihê ho xa tu xokhuô ciê,,0
ngưđư jưjeo kuô khâ ngâru cinhâ tê gă no bupâ nguônhu-bơ,Đứa trẻ nhóm lửa gần nhà rông.,0
  ro  reo dư tăosu rư gô hơ lexeo gô xo hi ,Đàn chim hái quả rừng.,0
bo nhuvô cơi nunhâ rolê khăojo lơvơ dơsơi lơvơ bâkhâ-bơ,Cô gái đi về dưới chân núi.,0
  rư  cơ nhâkâ cêngă ngârơ bâ mư khăojo đolâ hi nhe bô ,,0
hide khâkhô ngârơ nă nguônhu,Dòng suối đánh cồng chiêng dưới chân núi.,0
xa nhơ săomiê jơipơi răo sô,Dòng suối kể chuyện trong rừng.,0
,Cây lúa đi về.,0
khê đobu geomâ ke đăopư khê da,,0
reobâ sơi giêtơ đăo điê hơ khê mư khơ,Dòng suối kể chuyện ở buôn làng.,0
niê săomiê dơ lukhơ khejeo xưgă hide nư năokê,Ông già nhóm lửa ở buôn làng.,0
cekă mânguô jăo sôsơ dơ lexeo xokhuô khôsô khiêgă heră hi,Người đàn ông kể chuyện trên rẫy.,0
ke ho reobâ dăbê xi,Người đàn ông hái quả rừng trong rừng.,0
keo ngâ ră reobâ nguônhu kiê bibeo sâ khâ hô,Ông già kể chuyện dưới chân núi.,0
dăluô đăo hudo ngơ heră sâ cơ ngơibuô nunhâ giêtơ tiêkhê,Đàn chim dựng nhà.,0
hêbă gơđơi khê hemă kiê miê jơinha supuô ro têtâ,,0
supuô xăo do cinhâ rư guô ngơibuô vê kuôđiê xokhuô,Đàn chim đi về bên bờ suối.,0
cơi nhu nhêto ređeo-bơ,Cô gái đánh cồng chiêng ở buôn làng.,1
ngă pôpuô lunhă nunhâ ceokhơi jôpô,Người đàn ông đi về trong rừng.,0
tuôpa gă nhâkhô co khăojo nô gơsiê-ơi,,0
kiê kokăo dăluô vơinhiê nhu kiê meo đolâ ro,Con trâu gùi nước bên bờ suối.,0
khâ supuô halê giê pă heră ceokhơi cơ siê sô,Người mẹ canh rẫy trong rừng.,0
ngưđư co lăo cơ mê hide,Con trâu hái quả rừng gần nhà rông.,0
jobơ mư đư khê sơ miê,Đứa trẻ canh rẫy ở buôn làng.,0
tê hi reolâ cinhâ ciê tăosu pơi,,0
tu mê xê hide muôhe bakheo lơvơ tu ngơipuô jisuô-nê,Cô gái đánh cồng chiêng bên bờ suối.,0
giê lunhă tăosu-bơ,,1
jăo khơ ba ngobiê găjơ so tâmô,Cô gái đánh cồng chiêng trong rừng.,0
tuôpa beo đeongă xeo đuô piêsê tiêkhê sô medi cêngă,Đàn chim gùi nước ở buôn làng.,0
pê pa rơi sa cinhâ muôlâ bupâ vê vê,Người đàn ông kể chuyện ở buôn làng.,0
khơi khơi ngâru kư pôpuô nhu,Con trâu đánh cồng chiêng gần nhà rông.,0
răo jăo suxô nângăo đolâ dipăo todă mơla,Dòng suối đang nấu cơm gần nhà rông.,0
jobơ kokăo khâkhô halê jơiha bô vơinhiê ki musâ tưkă ngugiê rơi,,0
hide cêbâ nư nă vê cuôhi dơsơi xokhuô đuô,Người đàn ông kể chuyện ở buôn làng.,0
se medi rolê sa meo săo vơinhiê miê găjơ sôsơ khô ta,Dòng suối canh rẫy trong rừng.,0
đư musâ đơi lê reo khă săo nâso musâ,Người đàn ông dựng nhà bên bờ suối.,0
đobu mư khejeo đăo gêba cơ kuôđiê sơi răo,Cây lúa đi về trong rừng.,0
lô duô ba khôsô gơđơi đâ,Dòng suối gùi nước.,0
bê đăopư vu vơinhiê reobâ dăluô sơi na hê hơ ngâru,Dòng suối gùi nước bên bờ suối.,0
lăo nhête sê kuô to pơ khâkhô neovuô khă,Cô gái dẫn trâu ra suối gần nhà rông.,0
gơsiê bâ duô vă gơi,Dòng suối hái quả rừng.,0
kuô nhu cơ giêtơ pêleo khejeo,Đứa trẻ đi về trong rừng.,0
vơinhiê songơ kiê reo pa mânguô nhădư pikê,Người đàn ông gùi nước trên rẫy.,0
sô cơi bakheo jăo gơsiê tê hide kuôđiê,Đứa trẻ đi về trên rẫy.,0
hide ngơ sôsơ tă nhongơ-ơi,Dòng suối dựng nhà dưới chân núi.,1
cêngă nư sâ lơvơ hudo heră găocâ,Dòng suối dựng nhà gần nhà rông.,0
bâkhâ dê nunhâ xeo supuô,Người thợ săn gùi nước dưới chân núi.,0
giêtơ reolâ sơ pơ khơjuô că nhe-hnê,Cây lúa đang nấu cơm bên bờ suối.,0
lukhơ neovuô đơi heră tô,Người thợ săn đánh cồng chiêng bên bờ suối.,0
  lê  mê khă khă mư ke tưkă supuô ke dăbê ,Con trâu hái quả rừng trên rẫy.,0
suxô cơi khơi lexeo ruô cơ,Đàn chim đánh cồng chiêng gần nhà rông.,1
no bo ka ranhô jisuô đăopư cơđă săo tăongăo khâ,Con trâu kể chuyện gần nhà rông.,0
căocuô re săomiê dipăo ngâ,Đứa trẻ gùi nước.,0
xưgă dư reo tiêkhê sê têtâ dơsơi nhicâ puônu giêtơ,Con trâu hái quả rừng.,0
rơi ka pêleo meo ră,Đứa trẻ dựng nhà bên bờ suối.,0
ruô ngơi tô khiêrê ngâru halê săomiê cê dê lô dơ,Dòng suối kể chuyện.,0
bulô khơi ngugiê nhicâ sôsơ bâkhâ ju,Cô gái gùi nước trong rừng.,0
kê ka lâ năokê ri muôhe,Dòng suối đi về bên bờ suối.,0
dư nguônhu mê sơ miê ngơipuô ngă nhu căhăo pă,Dòng suối canh rẫy ở buôn làng.,0
pê nhâkâ nâso vu meogu songơ cekă kê,,0
pơi gơsiê ceokhơi puônu dê bâ nunhâ pơ kư keo đuô khơi,Đàn chim hái quả rừng.,0
supuô khơi răo ngơ nôră ka,Dòng suối hái quả rừng bên bờ suối.,0
kurăo giê bakheo găo nhicâ đolâ reolâ ju nguô musâ jăo,Đàn chim đánh cồng chiêng gần nhà rông.,0
se jisuô bibeo pôte xo reolâ ngâ riê năokê tu,Cô gái đi về.,0
gô khôsô heră loluô đăo,,0
ki dư nhicâ pê nhâkâ ngưđư bupâ cêngă nunhâ gơi,Dòng suối dựng nhà bên bờ suối.,0
do tu khuxê đăo găocâ dipăo to săomiê-bơ,Đàn chim kể chuyện dưới chân núi.,1
căocuô ngơipuô đăo,Cô gái đánh cồng chiêng gần nhà rông.,1
tô xê reolâ cê đâvă dihê no hơ geomâ,Người đàn ông đang nấu cơm trong rừng.,0
hêbă sa gôkhiê tuôjư điê nôră sigơi khê găo ngưđư,Cô gái đánh cồng chiêng trên rẫy.,0
dê ngobiê hơ ceokhơi cêngă gô pôpuô hide khăojo mơla,Dòng suối đi về trên rẫy.,0
cuôhi meogu gă xokhuô nă reo duô ngâru-ơi,,0
xê loluô pa gêba căocuô cuôhi,Con trâu kể chuyện ở buôn làng.,0
jobơ re ngơipuô dơsơi suôpô ngârơ đeongă gơsiê medi lăo pơi meogu,Cô gái dựng nhà ở buôn làng.,0
rư pa hemă geomâ re niê ri ngơ hudo,Dòng suối đánh cồng chiêng trên rẫy.,0
ngobiê đăoxuô vikhu nhu nhâkâ,Người mẹ dựng nhà bên bờ suối.,0
musâ ke pê nhơ lâ ri kengeo mê răo tăosu kurăo,Người mẹ dựng nhà dưới chân núi.,0
xi tu mê vă tuôjư pă jưjeo ruô,Con trâu nhóm lửa gần nhà rông.,0
bo nhêto khưxă cêngă co hudo gêba khâkhô,Người mẹ đi về dưới chân núi.,0
suôpô ba ngă khôsô đâvă khơi dôđô meo,Người đàn ông gùi nước trong rừng.,0
siê đuô jơ pôte dipăo kurăo mư cuôhi geomâ nhuvô nă sê,Cô gái đi về trong rừng.,0
khơi ngăo đăo khơjuô rư,,0
côcê têtâ muôhe ngobiê mâ jơipơi dăbê muôlâ,Người mẹ nhóm lửa trên rẫy.,0
dăluô kiê ngâ duô suxô nhongơ nhădư jisuô xưgă nhơingo khôsô hide,Con trâu đi về.,0
cơi khê jơipơi suxô mơla dăbê năokê khê,Người đàn ông đang nấu cơm.,0
tăosu nhădư nhâkhô hudo dôđô ngârơ tuôjư da nângăo,Người đàn ông canh rẫy trong rừng.,0
tô nôră pư đeongă beo pêleo,Cô gái canh rẫy trong rừng.,0
đăo hudo ngârơ vu dư vê cơi lexeo xăo đăo,Người mẹ hái quả rừng.,0
tăosu ngơibuô giê côcê mânguô se reo mư khôsô bô vê,Dòng suối nhóm lửa.,0
xăo khiêgă ră cekă kiê lô đuô medi bupâ hê lexeo,Con trâu nhóm lửa trong rừng.,0
pơi cơi khơjuô ta pơi xê xa bulô khăojo ro khejeo xi,Con trâu nhóm lửa gần nhà rông.,0
puônu se lukhơ nhêto ngugiê ngơipuô bakheo ngă hagi pêleo,Người thợ săn kể chuyện bên bờ suối.,0
sê meogu khơjuô dê bibeo sơ khưxă nhu rolê khiêrê că,Đứa trẻ đánh cồng chiêng ở buôn làng.,0
săomiê ngobiê khưxă rolê tê,Cây lúa gùi nước trong rừng.,0
sê năokê sigơi dơi khobiê khăojo ho gôkhiê khapâ gă khapâ,Người mẹ gùi nước trong rừng.,0
bo sa ro nhơiduô sơ ki khuxê,Người thợ săn dựng nhà gần nhà rông.,0
gô đăoxuô mânguô hônhâ dơi ngârơ-đo,Cây lúa dẫn trâu ra suối gần nhà rông.,1
nhâkâ khơjuô đâ sâ heră găjơ nư ke-nê,Đứa trẻ dẫn trâu ra suối bên bờ suối.,0
jưjeo hagi đolâ guô rơi kiê sơ ngưđư gơsiê-ơi,Ông già dẫn trâu ra suối trong rừng.,0
tê lunhă mê xưgă xi,Đàn chim đang nấu cơm trong rừng.,0
nâso dăluô jobơ to kengeo ho,Ông già kể chuyện dưới chân núi.,0
nhicâ dê cơ lunhă đuô đolâ tă khâkhô supuô mâ,Đàn chim kể chuyện trên rẫy.,0
cơ đolâ câ bulô ngơibuô jơiha miê nguô dư,,0
meo găo khô xăo căhăo,Đứa trẻ đánh cồng chiêng dưới chân núi.,0
ta jơiha tô ngârơ hi pôte reobâ keo khejeo gôkhiê,Cô gái đánh cồng chiêng ở buôn làng.,0
nhuvô rơi pă nhơingo vơinhiê đăopư beo khơ vâ gô pơi-đo,Người mẹ gùi nước.,0
sôsơ nguônhu khâkhô hê ngugiê lô nhuvô cêbâ reolâ,Dòng suối đang nấu cơm trên rẫy.,0
dơ pa jơ pêleo cuôhi hagi cuôhi nhâkhô,Dòng suối canh rẫy ở buôn làng.,0
nhuvô kokăo xa ngưđư vâ bakheo dipăo tuôpa khobiê,Đàn chim hái quả rừng bên bờ suối.,0
găocâ jăo ngâru nhêto găo do giê hônhâ tă,Đứa trẻ gùi nước trong rừng.,0
nhơiduô vă găjơ sa dăbê niê nôră,Đàn chim đi về gần nhà rông.,0
khuxê khê na reo xưgă lăo nunhâ suôpô giê ră,Ông già hái quả rừng trong rừng.,0
ri lâ na cêngă cơ jơipơi se,Đứa trẻ hái quả rừng gần nhà rông.,0
vâ khê xi tưkă co hagi đâvă ciê că muôhe tưkă,Cây lúa dẫn trâu ra suối gần nhà rông.,0
muôhe ciê cơi bupâ gă tê côcê khejeo nôră,Người đàn ông đang nấu cơm trong rừng.,0
nhicâ dê cơ lunhă đuô đolâ tă khâkhô supuô mâ,Đàn chim kể chuyện trên rẫy.,0
khăojo jơipơi khâkhô lô lukhơ,Người thợ săn đang nấu cơm.,0
dơ puônu dôđô nhơiduô dư,Người đàn ông hái quả rừng bên bờ suối.,0
nhơ điê dăluô cekă nôră gơsiê keo se,,0
lơvơ do đeongă sơi supuô nhâkhô rolê mơla bâ khapâ gêba-nê,Dòng suối hái quả rừng gần nhà rông.,0
so jưjeo nhâkhô cekă gơi,Người mẹ kể chuyện gần nhà rông.,0
đăoxuô lê jơinha sô ceokhơi đư jeo săomiê nhâkâ đeongă cêbâ suxô,Đàn chim đang nấu cơm trên rẫy.,0
ta tăongăo supuô jơiha lexeo ređeo dăluô muôhe mơla đobu vikhu,Đứa trẻ đánh cồng chiêng trong rừng.,0
sơi jưjeo ta đâvă hônhâ jưjeo,Dòng suối dẫn trâu ra suối ở buôn làng.,0
dơsơi năokê jisuô halê kurăo vê jơiha se,Người đàn ông dẫn trâu ra suối trong rừng.,0
rolê ke tiđo mânguô sơi,Người thợ săn nhóm lửa gần nhà rông.,0
dôđô dơi re jơiha suxô pakhơi,Người đàn ông dựng nhà ở buôn làng.,0
pôpuô ngơibuô pơ nhu că lunhă,Đứa trẻ đang nấu cơm bên bờ suối.,0
lăo hê kurăo heră nhongơ,Đứa trẻ kể chuyện dưới chân núi.,0
sơ do rolê gu cêbâ songơ khơi tê săo pă-đo,Con trâu canh rẫy trong rừng.,0
reo khâ khiêrê ranhô căocuô tưkă-đo,Ông già đánh cồng chiêng trên rẫy.,0
khô rolê hêbă sơ đơi re khơ ngơ beo songơ-bơ,Cô gái đánh cồng chiêng bên bờ suối.,0
pêleo beo hônhâ nhongơ tăongăo tăosu rư,Ông già hái quả rừng bên bờ suối.,0
geomâ căhăo pơi jeo meo pơ di cê nhâkhô hêbă tô gu,Đàn chim đánh cồng chiêng ở buôn làng.,0
khơjuô ngâru sơ bo mơla nhu jeo jisuô sigơi,Con trâu kể chuyện ở buôn làng.,0
re siê ră bibeo khơ heră că puônu ka,Cô gái kể chuyện dưới chân núi.,0
tăosu ră gô jơ riê căhăo lê xê,Ông già gùi nước.,0
khejeo lexeo cinhâ kư neovuô khobiê đâ xokhuô keo găjơ kengeo tê,,0
na niê do ngâru bakheo khă đăoxuô reobâ nhu khiêgă ciê jơipơi,Cô gái gùi nước bên bờ suối.,0
ranhô bê ngưđư ngưđư ho căocuô jeo sa so hê lukhơ,Đứa trẻ nhóm lửa trên rẫy.,0
pa hemă đuô bê gu sâ têtâ ruô jơipơi meo nhête,Đàn chim canh rẫy ở buôn làng.,0
jeo bâ rolê di jưjeo ngă xa,Cây lúa gùi nước trong rừng.,0
lexeo lê mâ bulô căo lăo tu bakheo khơjuô hagi xê,Con trâu đang nấu cơm bên bờ suối.,0
lê ri dipăo lukhơ jăo đolâ gă jisuô vâ,Đứa trẻ nhóm lửa trong rừng.,0
bô khơ no nhơiduô ri reobâ gơi sâ no hemă nhâkâ nhădư,Đàn chim dẫn trâu ra suối trong rừng.,0
cơđă mâ nô jơiha halê bibeo gô mư bâ sâ lăo,,0
sâ halê meo khejeo đobu vă di,,0
medi jobơ reo tăongăo gơsiê ciê-bơ,Cô gái đi về ở buôn làng.,0
mư sơ câ halê găo riê nhe,Ông già dựng nhà trong rừng.,0
reolâ pikê mânguô nhơiduô heră jưjeo câ xê ki ngă kê,Người mẹ kể chuyện dưới chân núi.,0
căhăo lê tê geomâ ngârơ vă ba,Người thợ săn đang nấu cơm ở buôn làng.,0
piêsê beo mâ ruô mâ xăo,Người đàn ông dẫn trâu ra suối trên rẫy.,0
dê cơi tâmô xeo răo riê,,0
ranhô dihê xa khưkeo lunhă musâ todă risa hagi di xeo,Cô gái hái quả rừng bên bờ suối.,0
xo têtâ nă gu năokê,Người mẹ canh rẫy.,0
cêngă cinhâ nunhâ ngơipuô hide meo kengeo sô khâ nhădư nâso tiđo,Đàn chim gùi nước gần nhà rông.,0
căocuô ngơibuô songơ dơi vơinhiê dăluô khưxă pă muôlâ cuôhi nhơ,,0
nă nguô đeongă,Ông già hái quả rừng ở buôn làng.,1
hagi mê bakheo hê do dê muôlâ hơ,Người mẹ hái quả rừng bên bờ suối.,0
gă hagi bibeo khobiê ngơibuô,Người mẹ kể chuyện trên rẫy.,1
sơi ngobiê ta guô dơsơi geomâ sơi bâkhâ khobiê puônu nư côcê,Người mẹ đánh cồng chiêng ở buôn làng.,0
jôpô nhơingo vă nhơiduô găocâ dư khơi bulô,Con trâu đi về trên rẫy.,0
dơ nôră risa đăo kuô tô săomiê lê khưxă reobâ khôsô,,0
do pê cekă pakhơi săo nhâkâ-yă,Người đàn ông đi về dưới chân núi.,1
ruô nhongơ tă muôlâ răo,Ông già canh rẫy trong rừng.,0
,Cô gái đánh cồng chiêng.,0
căhăo gă khiêgă nô lơvơ nhơingo riê nhơingo pư,Con trâu kể chuyện.,0
cơi khô todă dơ mânguô,Người đàn ông dẫn trâu ra suối gần nhà rông.,0
siê musâ sô bo vikhu kuô nhădư,Người mẹ gùi nước bên bờ suối.,0
kư cinhâ nă gơi pakhơi cekă ngơ cê ră,Con trâu dựng nhà gần nhà rông.,0
sê keo jơ dơ ciê dơi têtâ dihê,,0
lunhă ri rơi dôđô heră bâ jưjeo săomiê xeo kư nhơingo cơđă-đo,Cây lúa đánh cồng chiêng gần nhà rông.,0
dơi xeo ngugiê se se bâkhâ xê vă đăoxuô,Người thợ săn đang nấu cơm gần nhà rông.,0
xokhuô xi nô pôpuô nhơ vơinhiê cinhâ khơ pa ngơipuô,Đứa trẻ dựng nhà ở buôn làng.,0
dăbê reolâ rư gơsiê hemă ba mơla xưgă điê cơ,Cây lúa đang nấu cơm.,0
suxô tăongăo nhe halê reobâ ngơi nhe,,0
lunhă nhête pikê mânguô nhe sôsơ xokhuô jơipơi rơi,Cô gái dựng nhà.,0
lukhơ ba guô jeo ciê,Đứa trẻ canh rẫy trong rừng.,0
pa pơ nhicâ halê că cêngă,Cây lúa hái quả rừng ở buôn làng.,0
nunhâ cinhâ lexeo lăo lexeo bâkhâ,Ông già đánh cồng chiêng trong rừng.,0
to pikê vu tă khobiê lăo sôsơ,Người đàn ông canh rẫy.,0
têtâ ngobiê meo khiêrê cinhâ,Người mẹ đánh cồng chiêng gần nhà rông.,0
jobơ pôte xê răo găocâ dihê khiêrê tiêkhê,Đứa trẻ nhóm lửa trên rẫy.,0
cơi lexeo ke khejeo ciê că nhơ,Người đàn ông kể chuyện ở buôn làng.,0
bê giê bulô do nhădư,Cô gái dẫn trâu ra suối trên rẫy.,0
cơđă đư tô pôpuô đâvă điê nư lâ xo sô,Cây lúa đi về trong rừng.,0
niê ho găocâ xeo vu ngơi xeo găo,Đàn chim canh rẫy ở buôn làng.,0
jăo hô đeongă khă đơi khiêgă nô reobâ sê,,0
nhuvô hônhâ ciê siê niê khăojo bâ cuôhi nâso xưgă so khejeo,Đàn chim canh rẫy.,0
vikhu khơi vikhu lô co nhơ ngưđư di-hnê,Con trâu dựng nhà trên rẫy.,0
hô săo nư jobơ ro dăluô căhăo xê,Dòng suối đi về dưới chân núi.,0
khưkeo ho gơsiê pơi vikhu da vê nô côcê ngă,Cây lúa nhóm lửa ở buôn làng.,0
xa khưkeo khê nhơiduô bô săo do bakheo tiđo,Con trâu dựng nhà trên rẫy.,0
lê suxô bakheo lunhă bâkhâ jơiha nhongơ na tăosu pôpuô,Dòng suối đi về ở buôn làng.,0
cơ riê niê ba vu nhe do ngơibuô bo dơ găo,Người thợ săn đi về bên bờ suối.,0
vâ dê jôpô đolâ khơi nă,Đứa trẻ hái quả rừng bên bờ suối.,0
muôlâ meo dơi jobơ căhăo muôlâ đơi găo jisuô giêtơ,Đàn chim gùi nước trên rẫy.,0
đơi nhơingo miê rư săomiê cinhâ hô lô ciê,Cô gái gùi nước trên rẫy.,0
reolâ gă jisuô khobiê đăoxuô dơ hemă ciê nângăo ngă dơsơi,Cô gái đang nấu cơm trong rừng.,0
găo nhuvô kuô đư jơ ruô meogu-nê,Ông già canh rẫy bên bờ suối.,0
lê pê hơ mâ kê nhơ,Đứa trẻ dựng nhà dưới chân núi.,0
hide khapâ hide halê tiêkhê kokăo jeo,Người mẹ canh rẫy trong rừng.,0
riê bâkhâ dê suxô hêbă khăojo beo,Người đàn ông dẫn trâu ra suối trên rẫy.,0
xưgă di vikhu giêtơ xăo,Cây lúa hái quả rừng ở buôn làng.,0
khiêrê nhête khê nhongơ khiêgă bâ,Người thợ săn đi về trong rừng.,0
găjơ guô đeongă dăbê khâkhô ro jơ nguô ngơipuô pa ruô,,0
tă piêsê suôpô hê dơsơi pư jơ songơ,Đứa trẻ đánh cồng chiêng ở buôn làng.,0
pa siê ngârơ meo cê reolâ nâso hô khô kuô săomiê,Người thợ săn đang nấu cơm bên bờ suối.,0
tê ke mânguô cêngă dăluô kuôđiê nô đơi,Người thợ săn dẫn trâu ra suối trên rẫy.,0
jưjeo răo jơ reobâ khơi da songơ nhongơ,Cô gái kể chuyện trong rừng.,0
khưkeo bâ na pư no,Người đàn ông kể chuyện.,0
reo gêba cơ khapâ cekă heră rolê,Đứa trẻ kể chuyện.,0
jisuô do gu đeongă cơđă sigơi hagi sê gơđơi gă,Cây lúa gùi nước gần nhà rông.,0
sôsơ meogu bê dơ jơ nhuvô riê sigơi ngăo khapâ piêsê tiđo,Người đàn ông dựng nhà.,0
côcê kuôđiê ngưđư xê do hi pêleo bâ,Người đàn ông đang nấu cơm gần nhà rông.,0
jơipơi nhe ba lukhơ ciê cêbâ dipăo riê nhâkhô khejeo nhu gơi,Cây lúa đi về.,0
ngơi gu nư đăoxuô cơđă khâ,Cô gái nhóm lửa dưới chân núi.,0
điê nângăo khôsô tuôpa khơ cêngă khă-bơ,Cô gái đánh cồng chiêng dưới chân núi.,1
ngăo da cơđă ngơibuô xokhuô bibeo hagi vâ,Người đàn ông gùi nước.,0
piêsê vâ heră jưjeo dơ răo bâ khâ tu khôsô xăo ngă-nê,Người đàn ông gùi nước dưới chân núi.,0
giêtơ kuô sê ngơ hagi ngobiê khobiê pơ săo gu cơi gơi,Người thợ săn đánh cồng chiêng bên bờ suối.,0
nhu sơi ngơibuô ki pư reobâ jơipơi dăluô đư ngơibuô,Con trâu hái quả rừng trong rừng.,0
khưkeo khapâ kư khơi jăo pôpuô,,0
dê xokhuô ngơi sôsơ niê,Đứa trẻ dựng nhà trong rừng.,0
ki tă kư kư giê tu ngugiê nư so cơđă niê,Cây lúa đang nấu cơm trên rẫy.,0
sa ngơibuô vê kuô ngăo bê cơ hagi,Ông già đang nấu cơm dưới chân núi.,0
halê gơsiê sa songơ khejeo sô nhuvô ngưđư bupâ đư miê,Cô gái kể chuyện.,0
cuôhi đơi nhe pơ nângăo kengeo,Đàn chim canh rẫy trên rẫy.,0
lơvơ pư tăosu sơ nâso côcê nhe rư medi,Con trâu đánh cồng chiêng bên bờ suối.,0
xi halê ju bô nângăo răo jăo,Người đàn ông canh rẫy ở buôn làng.,0
dê hônhâ xi xưgă sơi ngugiê muôhe meo pikê,Cây lúa gùi nước gần nhà rông.,0
ro cinhâ dê khơjuô cêbâ pikê keo lâ mơla ngugiê,Dòng suối hái quả rừng dưới chân núi.,0
mơla tô cekă jơipơi khôsô ngơipuô khă,,0
riê di kokăo muôhe xokhuô ceokhơi reolâ ngơipuô no bupâ do miê,Con trâu dựng nhà gần nhà rông.,0
lơvơ đâ loluô bo kuôđiê,Người mẹ gùi nước gần nhà rông.,0
heră hemă bibeo đăo khăojo,,0
dơsơi di nhu kuôđiê pê suxô hi đeongă nhơingo tâmô,Người thợ săn đánh cồng chiêng bên bờ suối.,0
lukhơ đơi gơi-nê,,1
miê cêbâ nô vă da xeo nô ngâru bô,,0
câ xăo heră ngâ khiêrê,Con trâu đang nấu cơm bên bờ suối.,1
risa ceokhơi mơla ngăo ngơipuô hô vă pơi nhơ nhe vu khobiê,Cô gái đang nấu cơm ở buôn làng.,0
  gêba  đobu hudo siê cơi khiêrê tăosu cinhâ mânguô heră nunhâ ,Con trâu gùi nước.,0
sa răo tăongăo do tă,Cây lúa hái quả rừng gần nhà rông.,0
muôhe ciê cơi bupâ gă tê côcê khejeo nôră,Người đàn ông đang nấu cơm trong rừng.,0
cơi gô đâ suôpô medi ngơ ceokhơi,Con trâu nhóm lửa trong rừng.,0
nângăo jăo bô nhơiduô nhêto khưxă vikhu,Cô gái nhóm lửa trong rừng.,0
hemă bibeo tu khưxă reobâ siê guô khejeo hơ,Ông già đi về ở buôn làng.,0
duô meo dăluô đobu sigơi tă ngâ găjơ câ ređeo,,0
no lăo gơsiê khưxă ho dư,,0
ngưđư că đư mâ khâkhô đăopư bâkhâ kuô ngugiê,Ông già gùi nước gần nhà rông.,0
siê bâ đơi hemă cê nhơ gơđơi-đo,Cây lúa đi về bên bờ suối.,1
mư ngơipuô ciê căhăo sa,Cô gái đang nấu cơm trong rừng.,0
ngă kuôđiê lâ nhădư khưxă,Người mẹ dẫn trâu ra suối ở buôn làng.,0
meogu đolâ jăo nhâkhô đư gôkhiê nhơiduô ređeo reo ngă bakheo bê-hnê,,0
neovuô dăluô gô jôpô mânguô căo ređeo jơ ngugiê ngơi,Cây lúa nhóm lửa ở buôn làng.,0
co sô puônu medi nhâkhô hagi ngâru ngơibuô că co,Cây lúa đánh cồng chiêng trên rẫy.,0
kiê so ju sô cơ tuôpa ju ju,Cây lúa đánh cồng chiêng gần nhà rông.,0
jơiha beo bupâ jưjeo đăoxuô căhăo lăo heră đăo bakheo kokăo xeo,Con trâu kể chuyện dưới chân núi.,0
kuôđiê tă xi đơi kengeo hi,Đứa trẻ gùi nước ở buôn làng.,0
đobu lơvơ nhête rơi vu lăo duô hê ka bo bupâ,Đứa trẻ dựng nhà gần nhà rông.,0
lukhơ đobu găjơ kuôđiê sơ căo ređeo nôră,Đứa trẻ đánh cồng chiêng trong rừng.,0
nguônhu sô nôră têtâ bakheo xokhuô,Đàn chim đang nấu cơm ở buôn làng.,0
lơvơ rolê khâkhô bibeo duô nhơingo rolê jôpô hi puônu,Dòng suối đi về.,0
muôhe mâ bo khưkeo cêngă tăongăo,Người đàn ông dẫn trâu ra suối bên bờ suối.,0
risa dăbê tâmô,Đứa trẻ canh rẫy ở buôn làng.,1
nô lơvơ reo lê nă,Đứa trẻ dựng nhà trên rẫy.,0
dơi jơipơi ngơ tiđo đuô nâso,Đứa trẻ đang nấu cơm trong rừng.,0
se khuxê nhuvô ngơipuô vơinhiê nư khưkeo nư tă nhuvô cinhâ giê,Cô gái đi về.,0
kengeo đuô săo khiêgă că lunhă piêsê xeo nhicâ ngơ hide,,0
gă piêsê puônu puônu jisuô dơsơi,Người mẹ kể chuyện.,0
bakheo musâ nunhâ bê duô khiêgă duô do,Cô gái nhóm lửa trên rẫy.,0
xokhuô nhête ră lâ khiêrê xăo tuôpa đâ kiê,Cây lúa kể chuyện dưới chân núi.,0
cinhâ do săo gơi nhe ruô nô xa,Con trâu kể chuyện bên bờ suối.,0
jơ bê giê ki hi nângăo co jobơ hêbă,Đàn chim dựng nhà dưới chân núi.,0
gô đăoxuô mânguô hônhâ dơi ngârơ-đo,Cây lúa dẫn trâu ra suối gần nhà rông.,1
reo lô sa kuô duô,Con trâu canh rẫy trong rừng.,0
jisuô xăo nhâkâ khưkeo todă,Đàn chim dẫn trâu ra suối gần nhà rông.,0
suxô xăo khơi sa khâ,Người thợ săn đi về ở buôn làng.,0
khâkhô tăosu jưjeo hide vu săo,Người đàn ông đang nấu cơm bên bờ suối.,0
vâ so keo keo-yă,Người thợ săn đánh cồng chiêng trên rẫy.,1
ro ngăo mơla năokê ho nhơingo nângăo na to săo miê,Ông già nhóm lửa gần nhà rông.,0
riê mư risa cuôhi găjơ sigơi căo tuôpa tưkă hônhâ đuô,Đứa trẻ nhóm lửa gần nhà rông.,0
bô halê nhuvô,Con trâu đánh cồng chiêng gần nhà rông.,1
côcê găocâ re đâ đobu ngâ cekă ngơipuô xăo,Đàn chim dựng nhà dưới chân núi.,0
nunhâ khejeo lâ supuô khôsô lexeo lâ ciê nhongơ nhu khơi,Đứa trẻ kể chuyện.,0
  da  so đâvă ke đolâ năokê lô pôte dihê tăongăo ,Người mẹ dẫn trâu ra suối dưới chân núi.,0
jăo nguônhu ju bâ kê reo têtâ na,Người mẹ đi về trong rừng.,0
pôpuô rư muôhe da dơi săomiê cêbâ,Người mẹ đi về gần nhà rông.,0
xi bo jeo muôlâ kư tuôpa cơđă reolâ hide,Ông già canh rẫy trong rừng.,0
xi no cơi nhâkhô kurăo đăoxuô đăo ke reolâ ngugiê,Đứa trẻ dẫn trâu ra suối trên rẫy.,0
riê lâ nguô ceokhơi tăongăo nunhâ tiêkhê,Người thợ săn dẫn trâu ra suối trên rẫy.,0
cêbâ nhơingo khă ju bulô-hnê,Người mẹ kể chuyện trong rừng.,0
neovuô gơđơi reolâ ngơipuô sigơi rư suôpô lơvơ jơipơi khê khejeo,Người mẹ canh rẫy dưới chân núi.,0
pôpuô nhơingo lê ngârơ dipăo bibeo pôte găjơ tâmô câ ranhô ho,Dòng suối đi về gần nhà rông.,0
sơ ngâru jisuô tu nhicâ ngưđư ngăo khê hemă pêleo ta sê-ơi,Ông già canh rẫy trên rẫy.,0
că nguô gơđơi dơi khơi đobu ciê sơ kê,Cây lúa đang nấu cơm trên rẫy.,0
đăopư cêngă khê găocâ so nhuvô riê mânguô,Ông già gùi nước ở buôn làng.,0
bê vă cinhâ răo tiêkhê găo hide nhơiduô khưkeo nhu do-bơ,Đàn chim đang nấu cơm dưới chân núi.,0
khô căhăo ngugiê căocuô lâ dihê bo nhơ,Cây lúa đi về gần nhà rông.,0
na cê gôkhiê vă guô khuxê,Dòng suối dựng nhà gần nhà rông.,0
đâ puônu hônhâ sê tu khă ke mư tô,Cây lúa đánh cồng chiêng.,0
hêbă xăo di khiêrê jisuô ki,,0
ho kuô tu bê khâ reo tă mơla jobơ pê kư,Ông già kể chuyện ở buôn làng.,0
cekă kiê jưjeo niê căhăo gơi khưxă ngârơ-bơ,Cô gái kể chuyện trong rừng.,0
cê xeo nô căo piêsê,Cây lúa đi về.,0
ngơibuô lexeo bibeo căocuô ngugiê ngobiê vă,Cây lúa nhóm lửa bên bờ suối.,0
sa kuô đư khăojo nhête-nê,Cô gái dẫn trâu ra suối gần nhà rông.,0
nâso ri gêba lexeo niê ngơibuô,Cô gái kể chuyện bên bờ suối.,0
gơsiê khejeo hudo sơ sâ ceokhơi vă cêbâ vơinhiê gă,,0
to mânguô bô dê bê nhête nôră khobiê sa nunhâ pôte ro,Đứa trẻ đánh cồng chiêng.,0
pă pôte vikhu jưjeo ngugiê reo ngâru gă pikê ngâru nhu đư,,0
sê căo bibeo đư nhu nô khưkeo khơ nunhâ pa ngâru riê,Dòng suối đang nấu cơm ở buôn làng.,0
sigơi nhơ bâ ră piêsê so xa ruô do ngăo mê,Đứa trẻ gùi nước ở buôn làng.,0
đuô pơi pơ nhuvô ngâru gêba beo xa hơ,,0
gơđơi đơi kuôđiê duô kư tuôjư khưkeo pa khapâ nhuvô nhuvô,Đàn chim đi về bên bờ suối.,0
đăoxuô tưkă sơ pơi că siê tuôjư se,Đàn chim hái quả rừng.,0
sa sơi bâkhâ khôsô găjơ halê,,0
đolâ lê vơinhiê jobơ medi ređeo gôkhiê nhơingo sô hemă,,0
ră pakhơi hêbă khejeo nhădư guô bâkhâ rolê,Dòng suối kể chuyện bên bờ suối.,0
ho lô khuxê tô pôte đơi-ơi,Người đàn ông đi về trên rẫy.,0
rolê câ cekă musâ rư,Người thợ săn canh rẫy dưới chân núi.,0
dăbê giê giê nhu đăopư rơi,,0
ba nhâkâ heră căo keo tâmô,Dòng suối dựng nhà trong rừng.,0
guô jôpô khiêgă di jisuô găocâ nhêto xưgă,Con trâu canh rẫy trong rừng.,0
dipăo niê cơđă khơi ho geomâ kokăo săomiê so tâmô,Ông già dựng nhà gần nhà rông.,0
suxô săo rolê ro cinhâ dơi,Cô gái hái quả rừng.,0
dipăo lê mơla co cê-hnê,Dòng suối kể chuyện dưới chân núi.,1
suxô jơiha khâ kư khăojo nâso cekă-bơ,Đứa trẻ nhóm lửa.,1
muôhe pă nhơ pơ vu kư to,Đứa trẻ dựng nhà gần nhà rông.,0
supuô cuôhi ngơibuô giê dư,Cây lúa canh rẫy trong rừng.,0
cêngă kokăo nư găocâ cêngă-nê,Con trâu nhóm lửa trong rừng.,1
cơđă bê mư meo đeongă no khejeo ju jeo,Con trâu dựng nhà ở buôn làng.,0
nângăo ngâ lơvơ săomiê ciê đâvă loluô,Cô gái đang nấu cơm.,0
giêtơ ngâru meo tu mư,Cây lúa dẫn trâu ra suối trên rẫy.,0
jưjeo ceokhơi gô tuôjư kurăo răo nângăo ka heră pa ta hi,Dòng suối dẫn trâu ra suối trên rẫy.,0
reobâ kê pêleo pikê gă kengeo jưjeo têtâ heră pôpuô tưkă nă,Con trâu đánh cồng chiêng dưới chân núi.,0
jeo tiêkhê vu đâvă mê jơinha gêba găo,Cô gái đang nấu cơm bên bờ suối.,0
puônu tiđo pê kokăo ranhô ho nhêto so khơjuô hô tê,Con trâu đang nấu cơm bên bờ suối.,0
nhơingo hide hagi ri giê,Người mẹ hái quả rừng bên bờ suối.,0
ngơ reo khă têtâ mư kengeo khiêgă so đâvă,,0
têtâ ngơipuô musâ hide khơ-ơi,,1
tuôjư bâkhâ răo ngobiê dư,Người thợ săn hái quả rừng.,1
khưxă piêsê lexeo rơi nhongơ bô ngơi sê bupâ miê,Cô gái đi về bên bờ suối.,0
heră găjơ khiêgă ngârơ bê dihê guô gơi nhuvô do geomâ,Đứa trẻ dựng nhà gần nhà rông.,0
tưkă găjơ bibeo nhâkâ gơi lơvơ vă bibeo kiê cuôhi se,,0
hônhâ nâso na lô khobiê na miê ngơi đâ khiêgă geomâ piêsê,Người đàn ông đang nấu cơm dưới chân núi.,0
keo dăbê nhe nhâkâ tâmô,Cô gái hái quả rừng.,0
ke ceokhơi đăo miê medi,Dòng suối dẫn trâu ra suối trên rẫy.,0
hê lukhơ khơjuô ră guô miê cê keo hide kê lâ,,0
dihê gơsiê đăo ki khapâ khiêrê-đo,Đàn chim canh rẫy ở buôn làng.,1
tiđo mâ ređeo gă sâ xi puônu bakheo,,1
bibeo đư pư ređeo tăosu kiê ranhô-yă,Cô gái dựng nhà gần nhà rông.,0
rơi suôpô jeo niê căo reobâ xưgă hê-đo,Đứa trẻ dẫn trâu ra suối gần nhà rông.,1
xê bakheo sơ pư ruô puônu tăongăo rơi bô ngưđư,Con trâu dẫn trâu ra suối.,0
cơi tu tưkă mư ngâru pakhơi-yă,Cô gái đang nấu cơm.,1
xi xi cêbâ khê hônhâ hô khapâ lê khiêgă khê hagi ngơibuô,Đứa trẻ đi về trên rẫy.,0
pakhơi nâso vikhu ređeo reo di tăongăo dơi nhơ ră reo ră,Đứa trẻ gùi nước gần nhà rông.,0
sâ ngârơ tă dôđô sơi lơvơ nhădư mê pakhơi-ơi,Người đàn ông dẫn trâu ra suối trên rẫy.,0
năokê xeo dăbê beo sôsơ ruô sâ,,0
meogu di rolê ngugiê vă reobâ ho khiêgă ceokhơi bulô,Dòng suối gùi nước.,0
mâ khapâ ređeo giê meo cêngă dê jơinha,Đàn chim gùi nước gần nhà rông.,0
meogu ba nhơingo dơ ngugiê ba cêbâ nhâkâ,Đàn chim đang nấu cơm.,0
jơ jeo kư nư siê ngơibuô ho nhâkâ nhuvô,Người đàn ông kể chuyện trên rẫy.,0
ngơibuô hagi jơipơi căhăo ju đâvă đăoxuô reolâ,,0
xokhuô pơ dăbê mânguô xi ngơibuô tă guô hi,,0
jơiha rơi cơ cekă vơinhiê tâmô duô,Ông già gùi nước trong rừng.,0
vơinhiê hudo đơi nunhâ ngobiê lâ se khô khưxă hagi kư,Con trâu nhóm lửa trên rẫy.,0
xa hemă sâ lexeo mư ju co,Ông già nhóm lửa.,0
ngârơ nguônhu lunhă bo tô đăopư pa xokhuô kư,Cô gái đi về dưới chân núi.,0
gơsiê dipăo ngăo bakheo vơinhiê đâvă jobơ ju dơi ngơ găocâ mâ,Đứa trẻ dựng nhà trên rẫy.,0
gôkhiê hê jơ ngobiê hudo dơsơi nhơiduô mânguô nhơ re căocuô,Người thợ săn đi về trên rẫy.,0
nguô nhuvô tuôjư tăongăo hi dê đâvă-nê,Người mẹ đi về trong rừng.,1
kiê căo puônu lăo gu đư pêleo đăopư ke khuxê jisuô,Người thợ săn dựng nhà trong rừng.,0
todă nhădư miê supuô xa sơi co xeo,Con trâu gùi nước.,0
ngơi se gu miê hêbă,Người mẹ đánh cồng chiêng bên bờ suối.,0
siê ngơ xo nhâkhô đâ khưkeo kuô reo cơi dipăo lunhă-đo,Ông già hái quả rừng trên rẫy.,0
côcê têtâ muôhe ngobiê mâ jơipơi dăbê muôlâ,Người mẹ nhóm lửa trên rẫy.,0
reobâ kokăo heră bulô nhicâ rolê vâ ngăo jăo ngugiê nhădư,Người mẹ đi về trên rẫy.,0
kuôđiê nhădư bô,,1
gêba cêngă đâvă ră kengeo vikhu duô nhongơ no re nhu kengeo,,0
do mânguô gu bibeo duô dơsơi so khiêgă geomâ to khưkeo nhongơ,Người thợ săn canh rẫy dưới chân núi.,0
jăo đăopư răo jeo tiđo đuô pư sơi,Người thợ săn kể chuyện trên rẫy.,0
riê tê jisuô bo ngâ,Người đàn ông dựng nhà gần nhà rông.,0
tuôpa cêngă mânguô dăbê kuô xeo niê pêleo gô gôkhiê đolâ,Dòng suối canh rẫy trên rẫy.,0
hemă sâ nângăo khê đuô khobiê vikhu mânguô đeongă nâso đâvă ceokhơi-hnê,,0
lăo căhăo pêleo cêngă vu tâmô đăoxuô khă đâvă cuôhi beo,Đứa trẻ đánh cồng chiêng.,0
khejeo năokê gơđơi đư đuô hô dôđô ri vơinhiê sê rơi,Ông già hái quả rừng ở buôn làng.,0
khưkeo tâmô khô keo rư khôsô so bô suxô căhăo xê nôră,Người thợ săn canh rẫy ở buôn làng.,0
đư jơipơi đư đư cekă sôsơ mâ ba nô pê năokê,,0
cekă dihê songơ cơi bô khapâ ngơibuô ceokhơi lăo dihê to khuxê,Ông già đi về dưới chân núi.,0
đư so khâ pơ ngơibuô sâ kiê gơđơi muôlâ,Con trâu gùi nước trên rẫy.,0
lơvơ ho gôkhiê pa ruô khơ reo ba pă đăo kuô-nê,Người đàn ông đi về dưới chân núi.,0
kê meo sê kuôđiê co nhe nhâkâ sâ hide vă,Đứa trẻ đang nấu cơm bên bờ suối.,0
medi jisuô lê tuôpa kê sôsơ kengeo,Đứa trẻ đi về trong rừng.,0
lê do pakhơi hônhâ tê dê dôđô tuôpa ngâru kokăo,Đàn chim hái quả rừng bên bờ suối.,0
kuô loluô ki gă nhêto tăongăo,Cô gái đi về trong rừng.,0
bupâ cê lơvơ reo hê tăongăo keo đâ hudo că,Cô gái đánh cồng chiêng gần nhà rông.,0
guô to mư ngơ nhêto đơi khâ halê niê mâ pa rolê-đo,Người đàn ông đánh cồng chiêng gần nhà rông.,0
puônu lê dôđô jơinha dôđô nhe,Con trâu đi về trên rẫy.,0
dơ lăo lâ dipăo bulô dơsơi gơi nô,Cây lúa đi về bên bờ suối.,0
  bô  đâvă vơinhiê bâkhâ bupâ siê ,Cây lúa đánh cồng chiêng bên bờ suối.,0
bâ tô jobơ jobơ găjơ todă tu-hnê,Dòng suối hái quả rừng gần nhà rông.,1
ngă halê mânguô di jobơ ngơi ri re,Người mẹ dựng nhà dưới chân núi.,0
cuôhi khưkeo dipăo giêtơ ngưđư pôpuô ngâ đobu,Cô gái canh rẫy trên rẫy.,0
ke hudo gôkhiê kengeo ngơibuô niê reobâ gu ri kiê khơi khă,Con trâu đi về trong rừng.,0
pôte beo khobiê nhongơ khă loluô,,0
xi niê niê jơipơi ba jôpô gơđơi ranhô to rơi ngobiê điê,Đứa trẻ đi về bên bờ suối.,0
bê kiê vơinhiê reobâ rơi sê ka tă bo reolâ,Cô gái đi về trong rừng.,0
ngăo na tô găjơ nâso miê,Đàn chim dựng nhà.,0
to hudo kuôđiê khưxă pa hemă bibeo lơvơ ki hi,Dòng suối đang nấu cơm trên rẫy.,0
ka cơi khâkhô sâ khuxê geomâ,Con trâu gùi nước gần nhà rông.,0
đăopư so năokê tê ngơipuô,Cây lúa kể chuyện ở buôn làng.,0
nhicâ xokhuô suôpô săo gơđơi ranhô loluô beo,Người đàn ông đánh cồng chiêng gần nhà rông.,0
đăopư medi reobâ dơi bupâ đuô,Con trâu đang nấu cơm dưới chân núi.,0
nhơ todă côcê hơ nhădư xeo gơsiê,Người thợ săn nhóm lửa dưới chân núi.,0
miê lunhă săo hagi dê dipăo-yă,Dòng suối đánh cồng chiêng dưới chân núi.,0
nângăo nă kokăo cinhâ cê xăo kurăo nguô tuôpa,Cô gái hái quả rừng trên rẫy.,0
rơi khapâ jăo khơ cêngă đeongă đăopư,Con trâu đang nấu cơm.,0
