ngay,san_pham,khu_vuc,so_luong,don_gia,doanh_thu
2023-01-12,Đường,Gia Lai,52.0,214113.0,11133876.0
2023-05-08,Muối,Phú Yên,34.0,273928.0,9313552.0
2023-11-27,Muối,Đắk Lắk,50.0,116672.0,5833600.0
2024-01-01,Cà phê,Phú Yên,49.0,20268.0,993132.0
2024-01-18,Gùi mây,Phú Yên,102.0,42465.0,4331430.0
2023-10-22,Mật ong rừng,Gia Lai,20.0,349817.0,6996340.0
2023-10-02,Cà phê,Gia Lai,67.0,318913.0,21367171.0
2023-09-12,Thổ cẩm,Đắk Lắk,27.0,169624.0,4579848.0
2023-11-24,Muối,Kon Tum,82.0,28789.0,2360698.0
2023-02-13,Rượu cần,Gia Lai,76.0,285331.0,21685156.0
2024-04-09,Muối,Đắk Lắk,29.0,209944.0,173605750.9031601
28/06/2023,Mật ong rừng,Bình Định,49.0,186478.0,9137422.0
2023-07-21,Gùi mây,Bình Định,28.0,261748.0,7328944.0
2024-06-24,Muối,Đắk Lắk,56.0,42467.0,2378152.0
2024-07-23,Thổ cẩm,Phú Yên,43.0,62245.0,2676535.0
2024-09-29,Mật ong rừng,Bình Định,26.0,99607.0,2589782.0
2024-11-03,Cà phê,Phú Yên,32.0,55378.0,1772096.0
2023-07-27,Đường,Bình Định,34.0,214571.0,7295414.0
2024-03-14,Gùi mây,Đắk Lắk,2.0,259243.0,518486.0
2024-08-12,Gùi mây,Phú Yên,33.0,195864.0,
13/09/2023,Mật ong rừng,Gia Lai,61.0,234894.0,404136574.84620976
2023-12-18,Thổ cẩm,Kon Tum,58.0,88477.0,5131666.0
2024-05-24,Rượu cần,Phú Yên,68.0,347896.0,23656928.0
2023-05-04,Rượu cần,Bình Định,72.0,216943.0,15619896.0
2023-08-07,Cà phê,Đắk Lắk,66.0,62720.0,4139520.0
 18/08/2023 ,Đường,Phú Yên,55.0,85753.0,4716415.0
2023-05-07,Rượu cần,Gia Lai,68.0,44335.0,3014780.0
2024-07-20,Muối,Kon Tum,57.0,184044.0,10490508.0
2023-12-14,Mật ong rừng,Kon Tum,34.0,46305.0,1574370.0
2024-09-16,Đường,Kon Tum,50.0,190675.0,9533750.0
2023-11-28,Thổ cẩm,Bình Định,7.0,263700.0,1845900.0
2023-01-23,Gạo,Gia Lai,33.0,207320.0,6841560.0
2023-11-09,Gùi mây,Đắk Lắk,,85276.0,3922696.0
2024-03-31,Gùi mây,Phú Yên,49.0,27330.0,1339170.0
2023-05-21,Gạo,Phú Yên,35.0,117732.0,4120620.0
2023-09-23,Mật ong rừng,Đắk Lắk,57.0,221031.0,12598767.0
2024-11-11,Gạo,Đắk Lắk,51.0,82068.0,4185468.0
2023-07-22,Gạo,Bình Định,70.0,149080.0,10435600.0
2023-03-08,Thổ cẩm,Bình Định,73.0,191683.0,13992859.0
 20/01/2024 ,Thổ cẩm,Đắk Lắk,56.0,87710.0,4911760.0
2023-10-05,Gùi mây,Bình Định,,319362.0,29061942.0
2024-08-29,Gạo,Bình Định,46.0,153917.0,7080182.0
2024-03-31,Mật ong rừng,Kon Tum,39.0,300063.0,11702457.0
2024-12-28,Gạo,Bình Định,46.0,252912.0,11633952.0
2024-08-05,Muối,Gia Lai,39.0,32592.0,1271088.0
2024-07-08,Muối,Phú Yên,66.0,75936.0,5011776.0
2023-10-15,Thổ cẩm,Đắk Lắk,21.0,205147.0,4308087.0
2024-08-05,Gùi mây,Đắk Lắk,65.0,310065.0,20154225.0
2024-07-10,Đường,Bình Định,47.0,76932.0,3615804.0
2024-02-24,Rượu cần,Phú Yên,46.0,159776.0,7349696.0
2024-02-29,Rượu cần,Kon Tum,50.0,245488.0,12274400.0
2023-12-03,Thổ cẩm,Phú Yên,50.0,268150.0,13407500.0
2023-11-15,Cà phê,Bình Định,82.0,238344.0,19544208.0
2023-03-18,Rượu cần,Kon Tum,69.0,129633.0,8944677.0
2023-01-03,Thổ cẩm,Kon Tum,77.0,303626.0,23379202.0
2024-12-04,Cà phê,Kon Tum,54.0,296604.0,16016616.0
2023-07-24,Gùi mây,Đắk Lắk,16.0,158152.0,2530432.0
2023-08-07,Cà phê,Đắk Lắk,66.0,62720.0,4139520.0
2023-10-04,Cà phê,Phú Yên,19.0,337897.0,6420043.0
2024-04-23,Cà phê,Gia Lai,13.0,266698.0,3467074.0
2023-09-23,Mật ong rừng,Kon Tum,,39007.0,2730490.0
2023-07-25,Thổ cẩm,Gia Lai,57.0,178530.0,10176210.0
2024-01-29,Đường,Phú Yên,59.0,274070.0,16170130.0
2024-02-01,Muối,Kon Tum,40.0,49153.0,1966120.0
2023-11-18,Mật ong rừng,Đắk Lắk,25.0,224526.0,5613150.0
2024-10-23,Thổ cẩm,Phú Yên,82.0,339157.0,27810874.0
2023-06-23,Mật ong rừng,Đắk Lắk,56.0,52264.0,2926784.0
2023-11-27,Rượu cần,Đắk Lắk,24.0,16669.0,400056.0
2023-04-21,Muối,Gia Lai,14.0,204439.0,2862146.0
2024-11-17,Gạo,Đắk Lắk,34.0,165648.0,5632032.0
2024-01-16,Thổ cẩm,Bình Định,67.0,304272.0,
2024-04-11,Muối,Bình Định,26.0,258089.0,6710314.0
2023-01-08,Thổ cẩm,Phú Yên,59.0,179201.0,10572859.0
2024-10-11,Mật ong rừng,Kon Tum,48.0,198355.0,9521040.0
2023-11-30,Cà phê,Bình Định,53.0,73685.0,3905305.0
2023-04-06,Cà phê,Bình Định,78.0,17022.0,1327716.0
2023-08-26,Rượu cần,Đắk Lắk,62.0,304755.0,18894810.0
2024-11-05,Rượu cần,Phú Yên,56.0,41475.0,2322600.0
2023-10-07,Gùi mây,Bình Định,45.0,333839.0,15022755.0
2023-01-25,Mật ong rừng,Đắk Lắk,42.0,69534.0,2920428.0
2023-04-28,Muối,Phú Yên,69.0,341828.0,23586132.0
2023-06-01,Đường,Kon Tum,93.0,184845.0,17190585.0
2023-06-19,Rượu cần,Kon Tum,22.0,322886.0,7103492.0
2024-06-11,Muối,Đắk Lắk,63.0,38238.0,2408994.0
2023-01-15,Thổ cẩm,Kon Tum,78.0,98983.0,7720674.0
2023-04-14,Gùi mây,Kon Tum,1.0,75150.0,75150.0
2023-09-05,Gùi mây,Bình Định,53.0,15896.0,842488.0
2024-06-23,Cà phê,Gia Lai,83.0,223159.0,18522197.0
2023-03-08,Đường,Phú Yên,32.0,36561.0,1169952.0
2024-09-15,Gạo,Đắk Lắk,87.0,143842.0,12514254.0
2023-01-13,Thổ cẩm,Phú Yên,50.0,54455.0,2722750.0
2024-02-08,Đường,Phú Yên,13.0,57443.0,746759.0
2024-03-08,Gùi mây,Đắk Lắk,64.0,294391.0,18841024.0
2024-05-07,Mật ong rừng,Đắk Lắk,47.0,338284.0,15899348.0
2023-11-19,Gạo,Bình Định,63.0,266052.0,16761276.0
2023-07-28,Đường,Bình Định,36.0,165961.0,5974596.0
2024-04-16,Rượu cần,Kon Tum,80.0,155178.0,12414240.0
2023-08-28,Đường,Gia Lai,37.0,165127.0,6109699.0
2023-03-18,Muối,Gia Lai,82.0,170818.0,14007076.0
2024-12-03,Cà phê,Đắk Lắk,68.0,148987.0,10131116.0
2024-10-07,Cà phê,Bình Định,59.0,338158.0,19951322.0
2023-06-01,Mật ong rừng,Kon Tum,70.0,179694.0,12578580.0
2023-01-17,Muối,Bình Định,70.0,217174.0,15202180.0
2023-05-14,Gạo,Bình Định,28.0,102633.0,2873724.0
2023-05-01,Muối,Kon Tum,64.0,149663.0,9578432.0
2023-12-12,Gạo,Kon Tum,72.0,272486.0,19618992.0
2024-01-08,Gạo,Gia Lai,23.0,217798.0,5009354.0
2024-10-17,Gạo,Phú Yên,,296225.0,7701850.0
2023-10-01,Muối,Gia Lai,76.0,57562.0,4374712.0
2023-07-28,Thổ cẩm,Kon Tum,67.0,75766.0,5076322.0
2024-02-19,Rượu cần,Gia Lai,7.0,73463.0,514241.0
2023-07-08,Cà phê,Phú Yên,50.0,273338.0,13666900.0
2023-05-24,Thổ cẩm,Bình Định,19.0,314306.0,5971814.0
2023-03-12,Thổ cẩm,Gia Lai,58.0,328540.0,19055320.0
2024-06-06,Muối,Kon Tum,28.0,15534.0,434952.0
2024-01-03,Đường,Gia Lai,29.0,91356.0,2649324.0
2023-07-18,Gạo,Đắk Lắk,50.0,213505.0,10675250.0
2023-04-22,Cà phê,Kon Tum,54.0,322312.0,17404848.0
2023-12-25,Mật ong rừng,Bình Định,-48.0,181362.0,8705376.0
2023-09-11,Muối,Kon Tum,29.0,114704.0,3326416.0
2024-03-13,Đường,Phú Yên,44.0,22637.0,996028.0
2023-02-10,Muối,Gia Lai,67.0,49697.0,3329699.0
2024-07-25,Muối,Phú Yên,66.0,203326.0,13419516.0
2024-02-27,Gạo,Đắk Lắk,57.0,24277.0,1383789.0
 26/01/2023 ,Rượu cần,Bình Định,37.0,182574.0,6755238.0
2024-09-16,Thổ cẩm,Phú Yên,31.0,76451.0,2369981.0
2023-10-18,Rượu cần,đắk lắk,38.0,152857.0,5808566.0
2023-05-07,Thổ cẩm,Gia Lai,80.0,340047.0,27203760.0
2023-04-05,Rượu cần,Kon Tum,50.0,46118.0,2305900.0
2023-04-07,Mật ong rừng,Bình Định,1.0,165303.0,165303.0
2024-07-30,Gùi mây,Kon Tum,56.0,83729.0,4688824.0
2024-06-24,Muối,Phú Yên,45.0,21587.0,971415.0
2024-04-05,Rượu cần,gia lai,85.0,226146.0,19222410.0
2024-07-27,Cà phê,Kon Tum,64.0,176334.0,11285376.0
2023-05-08,Muối,Phú Yên,60.0,174519.0,10471140.0
2023-09-01,Gạo,Gia Lai,47.0,293339.0,13786933.0
2023-08-17,Đường,Kon Tum,39.0,255729.0,9973431.0
2024-05-09,Muối,Kon Tum,52.0,244786.0,12728872.0
2023-01-04,Cà phê,Bình Định,83.0,71272.0,5915576.0
2024-09-23,Cà phê,Đắk Lắk,36.0,264670.0,9528120.0
2023-11-26,Rượu cần,Kon Tum,1.0,252859.0,252859.0
2023-12-05,Muối,Đắk Lắk,25.0,102770.0,2569250.0
2023-04-27,Thổ cẩm,kon tum,62.0,177886.0,11028932.0
2024-08-07,Muối,Gia Lai,43.0,152665.0,6564595.0
2024-08-07,Gùi mây,Bình Định,77.0,308670.0,23767590.0
2024-06-18,Đường,Đắk Lắk,53.0,161078.0,8537134.0
2024-04-03,Gùi mây,Gia Lai,52.0,258821.0,458122246.7781461
2024-12-09,Muối,Kon Tum,35.0,98066.0,3432310.0
2024-03-08,Gùi mây,Bình Định,37.0,68731.0,2543047.0
2024-11-27,Gạo,Phú Yên,81.0,163593.0,13251033.0
2024-10-04,Muối,Phú Yên,59.0,139961.0,8257699.0
2024-01-20,Cà phê,Bình Định,58.0,217413.0,12609954.0
2023-09-06,Đường,Kon Tum,53.0,319766.0,16947598.0
2023-07-10,Gùi mây,Đắk Lắk,65.0,314954.0,20472010.0
2023-07-30,Đường,Bình Định,22.0,314711.0,6923642.0
2023-07-30,Muối,Đắk Lắk,54.0,265580.0,14341320.0
2024-08-12,Muối,Bình Định,17.0,191989.0,3263813.0
2024-03-26,Cà phê,Đắk Lắk,66.0,345950.0,22832700.0
2023-11-21,Gạo,Bình Định,41.0,288297.0,11820177.0
2024-11-13,Muối,Gia Lai,22.0,72493.0,1594846.0
2023-10-31,Cà phê,Bình Định,63.0,224371.0,14135373.0
2024-01-14,Muối,Đắk Lắk,78.0,112781.0,161083201.21831357
2024-04-28,Muối,Phú Yên,61.0,108720.0,6631920.0
2023-12-17,Gạo,Đắk Lắk,58.0,200811.0,11647038.0
2024-11-11,Cà phê,Kon Tum,,230525.0,17058850.0
2024-09-22,Mật ong rừng,Bình Định,69.0,204337.0,14099253.0
2024-05-29,Rượu cần,Phú Yên,63.0,207554.0,13075902.0
2023-10-12,Mật ong rừng,Đắk Lắk,43.0,339956.0,14618108.0
17/01/2024,Cà phê,Đắk Lắk,36.0,320545.0,11539620.0
2024-05-24,Gùi mây,Đắk Lắk,67.0,337536.0,22614912.0
2024-01-21,Mật ong rừng,Đắk Lắk,37.0,120150.0,4445550.0
2023-03-06,Mật ong rừng,Kon Tum,33.0,302332.0,9976956.0
2023-09-23,Gạo,Phú Yên,52.0,257856.0,13408512.0
2024-04-23,Mật ong rừng,Bình Định,66.0,196741.0,12984906.0
2024-11-18,Mật ong rừng,Phú Yên,56.0,254800.0,14268800.0
2023-09-12,Mật ong rừng,Kon Tum,84.0,108947.0,9151548.0
2024-02-15,Muối,Gia Lai,47.0,124360.0,5844920.0
2023-03-04,Mật ong rừng,Đắk Lắk,27.0,265161.0,7159347.0
2024-06-17,Gạo,Gia Lai,71.0,26408.0,1874968.0
2024-07-19,Cà phê,Gia Lai,40.0,68042.0,2721680.0
2023-04-21,Gùi mây,Gia Lai,47.0,146237.0,6873139.0
2023-06-28,Gạo,Bình Định,53.0,162726.0,8624478.0
2024-04-19,Thổ cẩm,Phú Yên,64.0,229910.0,14714240.0
2024-12-13,Cà phê,Kon Tum,,201621.0,17742648.0
2024-09-13,Gạo,Gia Lai,37.0,338053.0,12507961.0
2023-01-16,Thổ cẩm,Gia Lai,50.0,31902.0,1595100.0
2024-11-20,Gùi mây,Kon Tum,91.0,218596.0,19892236.0
2024-10-02,Thổ cẩm,Đắk Lắk,36.0,230855.0,8310780.0
2023-08-08,Muối,Kon Tum,50.0,250482.0,12524100.0
2023-06-28,Gạo,Đắk Lắk,41.0,203243.0,8332963.0
2023-02-13,Gùi mây,Gia Lai,60.0,308290.0,18497400.0
2023-06-23,Cà phê,Kon Tum,41.0,284794.0,11676554.0
2023-11-10,Mật ong rừng,Bình Định,59.0,238473.0,14069907.0
2024-09-21,Gùi mây,Phú Yên,46.0,345609.0,15898014.0
2023-08-29,Cà phê,Bình Định,81.0,260462.0,21097422.0
2024-10-07,Gạo,Đắk Lắk,60.0,136384.0,8183040.0
2023-12-10,Muối,Kon Tum,47.0,62713.0,2947511.0
2024-02-18,Muối,Phú Yên,74.0,260694.0,19291356.0
2024-05-25,Gạo,Kon Tum,34.0,208863.0,7101342.0
2024-11-24,Mật ong rừng,Kon Tum,26.0,60648.0,1576848.0
2024-10-29,Đường,Bình Định,65.0,106078.0,6895070.0
2024-06-02,Đường,Kon Tum,45.0,140600.0,6327000.0
2024-06-02,Cà phê,Kon Tum,73.0,71292.0,5204316.0
2024-01-17,Đường,Gia Lai,69.0,54914.0,3789066.0
2024-04-19,Mật ong rừng,Gia Lai,25.0,164835.0,4120875.0
2023-07-09,Thổ cẩm,Phú Yên,1.0,73263.0,73263.0
2024-12-08,Gùi mây,Phú Yên,44.0,70325.0,3094300.0
2024-02-21,Đường,Kon Tum,36.0,303962.0,10942632.0
2024-06-15,Muối,Kon Tum,58.0,319270.0,18517660.0
2023-09-03,Cà phê,Phú Yên,51.0,230151.0,11737701.0
2024-07-13,Gùi mây,Bình Định,82.0,318874.0,
2023-04-12,Mật ong rừng,Gia Lai,32.0,27772.0,888704.0
2023-02-05,Mật ong rừng,Đắk Lắk,88.0,213922.0,18825136.0
2024-06-16,Đường,Gia Lai,,140125.0,8267375.0
2023-04-29,Muối,Đắk Lắk,55.0,154831.0,8515705.0
2023-11-08,Thổ cẩm,Bình Định,44.0,335003.0,14740132.0
2023-02-26,Gạo,Gia Lai,42.0,95651.0,4017342.0
2023-06-29,Gùi mây,Gia Lai,61.0,316589.0,19311929.0
2024-04-15,Gạo,Kon Tum,63.0,232241.0,14631183.0
2024-05-20,Cà phê,Phú Yên,9.0,105143.0,946287.0
2023-06-24,Gạo,Phú Yên,59.0,69866.0,4122094.0
2024-08-16,Muối,Gia Lai,44.0,178837.0,7868828.0
2024-08-05,Cà phê,Bình Định,52.0,193744.0,10074688.0
2024-10-18,Thổ cẩm,Đắk Lắk,65.0,341525.0,22199125.0
2023-12-21,Rượu cần,Bình Định,35.0,260732.0,9125620.0
2023-05-31,Cà phê,Kon Tum,76.0,24917.0,1893692.0
2023-05-14,Đường,Bình Định,31.0,24367.0,755377.0
2024-07-30,Mật ong rừng,đắk lắk,27.0,93581.0,2526687.0
2024-04-12,Rượu cần,Bình Định,57.0,137855.0,7857735.0
2024-12-16,Muối,Đắk Lắk,52.0,287400.0,14944800.0
2024-11-14,Gùi mây,Phú Yên,54.0,73619.0,3975426.0
2023-11-05,Muối,Đắk Lắk,18.0,148742.0,2677356.0
2023-01-07,Thổ cẩm,Phú Yên,9.0,133584.0,1202256.0
2023-10-30,Muối,Đắk Lắk,57.0,323606.0,
2023-06-10,Gùi mây,Phú Yên,49.0,126054.0,6176646.0
2024-12-20,Mật ong rừng,Bình Định,47.0,183225.0,8611575.0
2023-12-09,Thổ cẩm,Kon Tum,54.0,291684.0,15750936.0
2023-10-06,Thổ cẩm,gia lai,47.0,308521.0,14500487.0
2023-07-21,Cà phê,Bình Định,47.0,274315.0,12892805.0
2023-10-26,Mật ong rừng,Đắk Lắk,37.0,252755.0,9351935.0
2023-09-28,Thổ cẩm,Gia Lai,79.0,269566.0,21295714.0
2024-11-19,Đường,Kon Tum,68.0,241340.0,16411120.0
2023-12-04,Rượu cần,Kon Tum,68.0,323104.0,21971072.0
2024-04-13,Đường,Phú Yên,62.0,180664.0,11201168.0
2023-05-10,Cà phê,Kon Tum,38.0,137729.0,5233702.0
2023-11-20,Đường,Kon Tum,46.0,36364.0,1672744.0
2023-07-15,Rượu cần,Bình Định,52.0,94388.0,4908176.0
2023-09-07,Cà phê,Kon Tum,68.0,145805.0,9914740.0
2023-11-05,Thổ cẩm,Phú Yên,66.0,210011.0,13860726.0
2023-09-14,Đường,Gia Lai,78.0,215458.0,16805724.0
2023-12-31,Rượu cần,Bình Định,38.0,141868.0,5390984.0
2023-06-17,Mật ong rừng,Phú Yên,49.0,347227.0,17014123.0
2024-04-21,Mật ong rừng,Phú Yên,61.0,322130.0,19649930.0
2023-05-05,Gạo,Phú Yên,39.0,312944.0,12204816.0
2023-01-16,Thổ cẩm,Kon Tum,45.0,110843.0,4987935.0
2023-10-04,Mật ong rừng,Phú Yên,37.0,53818.0,1991266.0
2024-06-09,Rượu cần,Đắk Lắk,63.0,290226.0,18284238.0
2023-02-27,Thổ cẩm,Đắk Lắk,30.0,223631.0,6708930.0
2023-07-24,Muối,Bình Định,42.0,136688.0,5740896.0
2023-07-07,Gạo,Phú Yên,38.0,205118.0,7794484.0
2023-01-09,Rượu cần,Bình Định,42.0,306383.0,12868086.0
2023-12-06,Gùi mây,Gia Lai,78.0,113132.0,8824296.0
2023-02-08,Thổ cẩm,Kon Tum,59.0,267843.0,15802737.0
2023-10-16,Mật ong rừng,Đắk Lắk,40.0,272525.0,10901000.0
2024-12-15,Đường,Bình Định,17.0,326418.0,5549106.0
2023-10-13,Đường,Bình Định,38.0,248365.0,9437870.0
2024-04-07,Thổ cẩm,Phú Yên,68.0,173040.0,11766720.0
2024-04-26,Rượu cần,Kon Tum,52.0,171213.0,8903076.0
2024-01-16,Rượu cần,Phú Yên,87.0,203176.0,17676312.0
2023-02-12,Gùi mây,Đắk Lắk,65.0,182297.0,11849305.0
2024-08-03,Rượu cần,Kon Tum,33.0,127954.0,4222482.0
2024-02-17,Muối,Bình Định,57.0,123216.0,7023312.0
2024-01-15,Mật ong rừng,Phú Yên,42.0,210685.0,8848770.0
2024-05-20,Đường,Bình Định,44.0,101210.0,4453240.0
2024-01-17,Thổ cẩm,Đắk Lắk,49.0,197249.0,9665201.0
2024-09-02,Gạo,Phú Yên,58.0,253887.0,14725446.0
2023-01-24,Gạo,Phú Yên,68.0,15567.0,1058556.0
2024-05-12,Cà phê,Kon Tum,78.0,146275.0,11409450.0
2024-11-03,Gạo,Kon Tum,11.0,202838.0,2231218.0
2023-04-08,Mật ong rừng,Phú Yên,43.0,62458.0,2685694.0
2024-11-08,Rượu cần,Đắk Lắk,36.0,281859.0,10146924.0
2023-07-19,Cà phê,Gia Lai,47.0,147173.0,6917131.0
2023-05-19,Gạo,Đắk Lắk,26.0,315147.0,8193822.0
2023-03-12,Thổ cẩm,Kon Tum,70.0,207410.0,14518700.0
2024-09-17,Đường,Kon Tum,57.0,291290.0,16603530.0
2023-01-07,Gạo,Bình Định,74.0,320836.0,23741864.0
2024-11-02,Rượu cần,Bình Định,17.0,175138.0,2977346.0
2023-09-23,Mật ong rừng,Kon Tum,25.0,218978.0,5474450.0
2024-07-27,Rượu cần,Gia Lai,86.0,50210.0,4318060.0
2024-03-09,Đường,Phú Yên,33.0,246171.0,8123643.0
2023-04-28,Mật ong rừng,Phú Yên,75.0,207173.0,15537975.0
2023-11-21,Đường,Phú Yên,29.0,64168.0,1860872.0
2023-05-29,Đường,Phú Yên,15.0,100181.0,1502715.0
2023-03-09,Cà phê,Bình Định,41.0,204915.0,8401515.0
2023-05-15,Muối,Bình Định,61.0,260109.0,15866649.0
2023-08-03,Đường,Kon Tum,66.0,68588.0,4526808.0
2024-07-30,Muối,Đắk Lắk,44.0,36467.0,1604548.0
2024-12-30,Thổ cẩm,Kon Tum,72.0,131900.0,9496800.0
2024-07-17,Rượu cần,Đắk Lắk,40.0,293320.0,11732800.0
2023-02-25,Gạo,Đắk Lắk,106.0,110324.0,11694344.0
2023-09-16,Gùi mây,Phú Yên,46.0,170475.0,7841850.0
2023-05-24,Đường,Bình Định,41.0,169220.0,6938020.0
2024-12-13,Mật ong rừng,Phú Yên,55.0,144805.0,7964275.0
07/11/2023,Mật ong rừng,Phú Yên,43.0,73309.0,75158856.58365251
2024-07-15,Gùi mây,Phú Yên,51.0,298379.0,15217329.0
2023-11-06,Thổ cẩm,Kon Tum,69.0,246041.0,16976829.0
2023-09-24,Đường,Phú Yên,46.0,145442.0,6690332.0
2023-05-03,Muối,Bình Định,15.0,227455.0,3411825.0
2024-06-11,Gạo,Đắk Lắk,20.0,153229.0,3064580.0
2023-01-19,Mật ong rừng,Đắk Lắk,35.0,132123.0,4624305.0
2024-05-25,Thổ cẩm,Gia Lai,25.0,45526.0,1138150.0
2023-02-15,Muối,Bình Định,18.0,56854.0,1023372.0
2023-01-29,Thổ cẩm,Kon Tum,37.0,224372.0,8301764.0
2024-08-19,Cà phê,Gia Lai,38.0,119623.0,4545674.0
2023-03-24,Gùi mây,Đắk Lắk,49.0,102879.0,5041071.0
2023-06-03,Rượu cần,Gia Lai,33.0,58799.0,1940367.0
2024-04-23,Đường,Bình Định,45.0,76268.0,3432060.0
2023-09-20,Thổ cẩm,Bình Định,52.0,298756.0,15535312.0
2023-09-01,Cà phê,Đắk Lắk,73.0,233091.0,17015643.0
2023-09-28,Gạo,Đắk Lắk,1.0,71114.0,71114.0
2024-09-28,Thổ cẩm,Đắk Lắk,93.0,167366.0,15565038.0
2023-06-07,Muối,Đắk Lắk,43.0,126799.0,5452357.0
2023-07-20,Cà phê,Bình Định,50.0,75773.0,3788650.0
2023-06-26,Thổ cẩm,Kon Tum,60.0,305211.0,18312660.0
2023-06-22,Cà phê,Đắk Lắk,49.0,59267.0,2904083.0
2023-01-30,Cà phê,Đắk Lắk,47.0,164750.0,7743250.0
2024-06-16,Gùi mây,Phú Yên,56.0,129152.0,7232512.0
2024-01-10,Rượu cần,Gia Lai,30.0,346716.0,10401480.0
2024-01-28,Thổ cẩm,Bình Định,41.0,126808.0,5199128.0
2023-08-06,Thổ cẩm,Đắk Lắk,72.0,117174.0,8436528.0
2024-01-05,Đường,Kon Tum,80.0,25113.0,2009040.0
28/05/2023,Thổ cẩm,Đắk Lắk,5.0,162269.0,811345.0
2023-09-13,Gùi mây,Đắk Lắk,-60.0,169432.0,10165920.0
2024-10-10,Cà phê,Gia Lai,46.0,90999.0,4185954.0
2023-03-01,Cà phê,Đắk Lắk,70.0,188589.0,13201230.0
2023-12-12,Muối,Kon Tum,46.0,56531.0,2600426.0
2023-04-09,Cà phê,Bình Định,74.0,279522.0,20684628.0
25/08/2024,Gùi mây,Phú Yên,23.0,103122.0,2371806.0
2024-11-24,Gùi mây,Đắk Lắk,49.0,149321.0,7316729.0
2023-06-14,Cà phê,Đắk Lắk,49.0,78517.0,3847333.0
2024-02-13,Thổ cẩm,Phú Yên,63.0,348593.0,21961359.0
2023-01-16,Đường,Kon Tum,56.0,270283.0,15135848.0
2023-09-12,Gạo,Kon Tum,24.0,244204.0,5860896.0
2024-10-19,Thổ cẩm,Đắk Lắk,21.0,258396.0,5426316.0
2023-09-09,Gùi mây,Gia Lai,46.0,43216.0,1987936.0
2023-12-15,Đường,Bình Định,43.0,88188.0,3792084.0
2024-03-19,Thổ cẩm,Đắk Lắk,37.0,344721.0,12754677.0
2023-12-28,Gạo,Đắk Lắk,75.0,122520.0,9189000.0
2024-11-08,Đường,Kon Tum,82.0,296171.0,24286022.0
2024-05-23,Gùi mây,Kon Tum,66.0,247592.0,16341072.0
2023-11-05,Thổ cẩm,Phú Yên,66.0,210011.0,13860726.0
2024-02-15,Gùi mây,Kon Tum,44.0,333325.0,14666300.0
2024-06-16,Gạo,Đắk Lắk,54.0,17230.0,930420.0
2023-04-27,Thổ cẩm,Bình Định,32.0,94732.0,3031424.0
2023-07-17,Gùi mây,Kon Tum,62.0,25463.0,1578706.0
2024-06-30,Gạo,Gia Lai,31.0,204270.0,6332370.0
2023-06-25,Rượu cần,Gia Lai,56.0,247781.0,13875736.0
 22/06/2024 ,Cà phê,Gia Lai,32.0,144931.0,4637792.0
2024-07-21,Muối,Gia Lai,43.0,254108.0,10926644.0
2023-12-20,Đường,Kon Tum,25.0,135864.0,3396600.0
2024-07-26,Rượu cần,Đắk Lắk,34.0,85182.0,2896188.0
2023-09-12,Gạo,Phú Yên,32.0,317043.0,10145376.0
2023-04-06,Mật ong rừng,Đắk Lắk,41.0,75854.0,3110014.0
2023-11-15,Muối,Phú Yên,46.0,202381.0,9309526.0
2023-01-14,Rượu cần,Đắk Lắk,88.0,141374.0,12440912.0
2024-02-29,Thổ cẩm,Phú Yên,69.0,57338.0,3956322.0
2023-01-25,Đường,Gia Lai,54.0,206155.0,
2023-05-07,Đường,Bình Định,57.0,316648.0,18048936.0
2024-03-15,Thổ cẩm,Đắk Lắk,79.0,288739.0,22810381.0
2024-05-20,Thổ cẩm,Bình Định,38.0,297944.0,11321872.0
2023-07-25,Mật ong rừng,Gia Lai,80.0,138693.0,11095440.0
2024-02-09,Gùi mây,Bình Định,52.0,76891.0,3998332.0
2024-06-16,Đường,Phú Yên,-62.0,74064.0,4591968.0
2024-10-20,Muối,Kon Tum,28.0,314158.0,8796424.0
2024-03-17,Mật ong rừng,Đắk Lắk,39.0,67823.0,2645097.0
2024-08-10,Cà phê,Đắk Lắk,62.0,234863.0,14561506.0
2023-12-27,Rượu cần,Gia Lai,38.0,147948.0,5622024.0
2023-12-02,Cà phê,Bình Định,-72.0,251129.0,18081288.0
2023-02-23,Cà phê,Bình Định,44.0,334340.0,14710960.0
2023-06-30,Cà phê,Gia Lai,52.0,127324.0,6620848.0
2024-08-20,Đường,Kon Tum,30.0,118019.0,3540570.0
2024-12-02,Muối,Kon Tum,39.0,122419.0,4774341.0
2024-05-26,Rượu cần,Kon Tum,53.0,267997.0,14203841.0
2024-12-09,Muối,Bình Định,39.0,184305.0,7187895.0
2024-04-14,Mật ong rừng,Đắk Lắk,87.0,90107.0,7839309.0
2023-06-09,Gùi mây,Kon Tum,79.0,285573.0,22560267.0
2023-07-27,Thổ cẩm,Đắk Lắk,29.0,23513.0,681877.0
2024-05-20,Thổ cẩm,Đắk Lắk,68.0,313221.0,21299028.0
2023-04-28,Gùi mây,Phú Yên,52.0,294820.0,15330640.0
2024-10-07,Thổ cẩm,Phú Yên,17.0,79822.0,1356974.0
2023-06-18,Đường,Phú Yên,39.0,347609.0,13556751.0
2023-08-11,Muối,Bình Định,91.0,38578.0,3510598.0
2023-03-26,Cà phê,Gia Lai,39.0,151040.0,5890560.0
2024-04-19,Thổ cẩm,Đắk Lắk,3.0,105811.0,317433.0
2024-01-18,Thổ cẩm,Gia Lai,46.0,86519.0,3979874.0
2024-09-12,Đường,Kon Tum,6.0,319790.0,1918740.0
2023-09-01,Gùi mây,Đắk Lắk,63.0,151921.0,9571023.0
 23/06/2023 ,Cà phê,Gia Lai,79.0,148187.0,11706773.0
2024-05-23,Gạo,Phú Yên,37.0,344361.0,
2024-02-03,Gùi mây,Phú Yên,70.0,121987.0,8539090.0
2024-01-25,Rượu cần,Bình Định,66.0,18169.0,1199154.0
2023-12-05,Gạo,Gia Lai,55.0,199010.0,10945550.0
2024-03-23,Thổ cẩm,Đắk Lắk,46.0,301865.0,13885790.0
2023-12-06,Rượu cần,Bình Định,60.0,44032.0,2641920.0
2023-06-25,Muối,Phú Yên,124.0,15143.0,1877732.0
2024-06-24,Muối,Đắk Lắk,56.0,42467.0,2378152.0
2024-06-19,Gạo,Kon Tum,41.0,67089.0,2750649.0
2023-05-11,Đường,Kon Tum,16.0,234994.0,3759904.0
2023-09-30,Thổ cẩm,Đắk Lắk,67.0,39276.0,2631492.0
2023-02-12,Đường,Kon Tum,57.0,270001.0,15390057.0
2023-11-24,Thổ cẩm,Đắk Lắk,67.0,276585.0,18531195.0
2023-10-09,Đường,Phú Yên,55.0,161375.0,8875625.0
2023-09-19,Mật ong rừng,Kon Tum,39.0,160663.0,6265857.0
2023-12-08,Rượu cần,Kon Tum,101.0,275267.0,27801967.0
2024-09-18,Mật ong rừng,Gia Lai,53.0,19676.0,1042828.0
2024-05-26,Rượu cần,Phú Yên,18.0,248163.0,4466934.0
2024-09-27,Thổ cẩm,Kon Tum,31.0,275412.0,8537772.0
2023-10-18,Rượu cần,Đắk Lắk,27.0,201372.0,5437044.0
2024-11-27,Mật ong rừng,Kon Tum,66.0,270462.0,17850492.0
2023-09-08,Rượu cần,Bình Định,31.0,93922.0,2911582.0
2023-09-05,Rượu cần,Phú Yên,57.0,33390.0,1903230.0
2023-02-08,Đường,Đắk Lắk,47.0,134822.0,6336634.0
2023-03-05,Gùi mây,Phú Yên,59.0,313407.0,18491013.0
2024-06-23,Cà phê,Đắk Lắk,47.0,134546.0,6323662.0
2024-03-15,Rượu cần,Kon Tum,26.0,206173.0,5360498.0
2024-02-23,Cà phê,Phú Yên,60.0,144334.0,8660040.0
2023-11-21,Thổ cẩm,Kon Tum,46.0,216837.0,9974502.0
2023-12-15,Gùi mây,Kon Tum,43.0,62864.0,2703152.0
2023-11-05,Muối,Đắk Lắk,18.0,148742.0,2677356.0
15/08/2024,Gùi mây,Bình Định,22.0,56027.0,1232594.0
2023-08-20,Gùi mây,Bình Định,52.0,233600.0,12147200.0
2023-05-31,Muối,Gia Lai,48.0,79054.0,3794592.0
2024-01-19,Mật ong rừng,Đắk Lắk,55.0,174117.0,9576435.0
2023-04-18,Mật ong rừng,Phú Yên,17.0,347274.0,5903658.0
2024-12-15,Rượu cần,Đắk Lắk,33.0,141334.0,4664022.0
2024-05-17,Đường,Đắk Lắk,46.0,184394.0,8482124.0
2023-07-06,Mật ong rừng,Kon Tum,55.0,240252.0,13213860.0
2023-12-01,Đường,Bình Định,86.0,55668.0,4787448.0
2023-09-27,Muối,Bình Định,64.0,169835.0,10869440.0
2024-12-21,Đường,Gia Lai,47.0,61183.0,2875601.0
2023-07-16,Đường,Đắk Lắk,37.0,268338.0,9928506.0
2023-07-27,Mật ong rừng,Gia Lai,67.0,105001.0,7035067.0
2023-03-22,Thổ cẩm,Bình Định,67.0,107225.0,7184075.0
2023-11-27,Cà phê,Đắk Lắk,45.0,240849.0,10838205.0
2024-08-15,Đường,Phú Yên,67.0,55121.0,3693107.0
2024-05-31,Cà phê,Kon Tum,67.0,331313.0,22197971.0
2023-09-23,Đường,Đắk Lắk,15.0,30451.0,456765.0
2024-09-08,Cà phê,Đắk Lắk,56.0,261018.0,14617008.0
2023-08-10,Đường,Gia Lai,76.0,197850.0,15036600.0
2024-05-04,Thổ cẩm,Đắk Lắk,51.0,36498.0,1861398.0
2023-02-25,Thổ cẩm,Đắk Lắk,26.0,291559.0,7580534.0
2023-05-15,Mật ong rừng,Bình Định,67.0,165663.0,11099421.0
2023-01-19,Gùi mây,Bình Định,53.0,344837.0,18276361.0
2024-07-02,Thổ cẩm,Gia Lai,52.0,248999.0,12947948.0
2023-03-26,Mật ong rừng,Đắk Lắk,76.0,267332.0,20317232.0
2023-08-31,Gạo,Đắk Lắk,56.0,54980.0,3078880.0
2023-10-20,Rượu cần,Đắk Lắk,33.0,255138.0,8419554.0
2023-01-31,Mật ong rừng,Phú Yên,107.0,266236.0,28487252.0
2024-03-18,Đường,Bình Định,49.0,276665.0,13556585.0
2024-09-14,Mật ong rừng,Phú Yên,41.0,238326.0,9771366.0
2023-09-26,Mật ong rừng,Bình Định,12.0,127114.0,1525368.0
2024-06-21,Mật ong rừng,Phú Yên,30.0,244334.0,7330020.0
2023-12-26,Đường,Kon Tum,45.0,21816.0,981720.0
2024-11-05,Mật ong rừng,Kon Tum,62.0,211629.0,13120998.0
2023-12-03,Gùi mây,Phú Yên,52.0,33917.0,1763684.0
2023-03-12,Gạo,Kon Tum,61.0,269878.0,16462558.0
2024-11-21,Thổ cẩm,Kon Tum,55.0,191689.0,10542895.0
2023-09-27,Cà phê,Bình Định,28.0,95186.0,2665208.0
2024-09-30,Rượu cần,Gia Lai,32.0,194136.0,6212352.0
07/02/2024,Muối,Bình Định,29.0,122996.0,3566884.0
2024-05-22,Muối,Kon Tum,51.0,288447.0,14710797.0
2024-01-06,Cà phê,Gia Lai,59.0,44809.0,2643731.0
2023-05-05,Gạo,Bình Định,71.0,188360.0,13373560.0
2024-04-08,Thổ cẩm,Phú Yên,41.0,172884.0,7088244.0
2024-10-28,Thổ cẩm,Bình Định,53.0,161550.0,8562150.0
2024-06-05,Thổ cẩm,Gia Lai,66.0,106815.0,7049790.0
2024-03-11,Gạo,Gia Lai,67.0,349426.0,23411542.0
2023-07-04,Muối,Bình Định,57.0,255130.0,14542410.0
2024-02-27,Cà phê,Đắk Lắk,-58.0,81700.0,4738600.0
2023-11-15,Đường,Bình Định,29.0,332316.0,9637164.0
2024-07-10,Gùi mây,Đắk Lắk,51.0,276834.0,14118534.0
2023-07-31,Cà phê,Đắk Lắk,41.0,68438.0,2805958.0
2024-10-30,Gùi mây,Kon Tum,47.0,249206.0,11712682.0
2023-07-06,Rượu cần,Kon Tum,47.0,253521.0,11915487.0
2023-04-09,Gạo,Phú Yên,80.0,232326.0,18586080.0
2024-11-23,Gạo,Phú Yên,54.0,162939.0,8798706.0
2024-11-20,Thổ cẩm,Bình Định,26.0,147669.0,3839394.0
2023-10-16,Gùi mây,Đắk Lắk,57.0,280423.0,15984111.0
2023-10-22,Gạo,Kon Tum,25.0,62442.0,1561050.0
2024-08-11,Mật ong rừng,Phú Yên,34.0,110110.0,3743740.0
2023-03-12,Đường,Bình Định,43.0,199551.0,8580693.0
2024-11-24,Mật ong rừng,bình định,35.0,251675.0,8808625.0
2024-07-29,Muối,Đắk Lắk,59.0,119921.0,7075339.0
2023-01-21,Gùi mây,Phú Yên,68.0,102801.0,6990468.0
2023-07-31,Rượu cần,Bình Định,63.0,198802.0,12524526.0
2023-12-19,Đường,Phú Yên,21.0,163460.0,3432660.0
2023-07-21,Đường,Đắk Lắk,73.0,291992.0,388241725.64848244
2023-04-27,Cà phê,Bình Định,79.0,243586.0,19243294.0
2024-04-29,Cà phê,Kon Tum,28.0,162538.0,4551064.0
2023-11-06,Cà phê,Đắk Lắk,69.0,181297.0,12509493.0
2024-02-28,Rượu cần,Phú Yên,45.0,69818.0,3141810.0
2023-08-28,Rượu cần,Đắk Lắk,52.0,40103.0,2085356.0
2023-02-12,Gùi mây,Đắk Lắk,65.0,182297.0,11849305.0
2024-04-25,Đường,Đắk Lắk,78.0,168003.0,13104234.0
2023-12-27,Đường,Phú Yên,75.0,250816.0,18811200.0
2023-04-18,Thổ cẩm,Bình Định,37.0,85831.0,3175747.0
2024-07-01,Gạo,Gia Lai,55.0,29071.0,1598905.0
2023-01-26,Đường,Đắk Lắk,14.0,209840.0,2937760.0
2024-03-30,Gùi mây,Kon Tum,14.0,203746.0,2852444.0
2024-01-07,Gạo,Bình Định,24.0,193802.0,4651248.0
2024-11-12,Mật ong rừng,Bình Định,44.0,348218.0,15321592.0
2023-05-23,Cà phê,Đắk Lắk,86.0,67183.0,5777738.0
2023-06-25,Muối,Đắk Lắk,73.0,252919.0,18463087.0
2023-06-28,Cà phê,Kon Tum,37.0,158760.0,5874120.0
2023-07-24,Mật ong rừng,Kon Tum,72.0,217003.0,15624216.0
2023-01-16,Mật ong rừng,Đắk Lắk,36.0,130286.0,4690296.0
2023-02-26,Cà phê,Gia Lai,49.0,107986.0,5291314.0
2024-07-23,Mật ong rừng,Gia Lai,31.0,157632.0,4886592.0
2023-04-22,Muối,Đắk Lắk,23.0,66904.0,1538792.0
2024-10-25,Gùi mây,Gia Lai,43.0,193171.0,8306353.0
2024-12-22,Thổ cẩm,Đắk Lắk,39.0,166018.0,6474702.0
2024-01-11,Thổ cẩm,Kon Tum,48.0,134009.0,6432432.0
2023-08-05,Muối,Gia Lai,92.0,196288.0,18058496.0
2023-01-31,Mật ong rừng,Đắk Lắk,33.0,75445.0,2489685.0
2023-09-04,Muối,Gia Lai,98.0,59626.0,5843348.0
2024-08-02,Gùi mây,Bình Định,1.0,187472.0,187472.0
25/08/2024,Thổ cẩm,Kon Tum,52.0,294410.0,15309320.0
2023-11-13,Mật ong rừng,Kon Tum,37.0,346873.0,12834301.0
2024-07-07,Đường,Gia Lai,80.0,116207.0,9296560.0
2024-02-20,Gùi mây,Kon Tum,55.0,319797.0,17588835.0
2024-05-10,Gạo,Phú Yên,67.0,330584.0,22149128.0
2024-02-25,Rượu cần,Đắk Lắk,24.0,48295.0,1159080.0
2023-02-28,Muối,Kon Tum,53.0,157805.0,8363665.0
2023-03-24,Gùi mây,Gia Lai,45.0,218553.0,9834885.0
2023-11-13,Mật ong rừng,Kon Tum,37.0,346873.0,12834301.0
2023-09-22,Cà phê,Gia Lai,67.0,257097.0,17225499.0
2023-05-19,Rượu cần,Phú Yên,-32.0,227513.0,7280416.0
2023-07-04,Gạo,Phú Yên,26.0,134240.0,3490240.0
 06/05/2023 ,Gạo,Bình Định,28.0,289285.0,8099980.0
2024-09-18,Mật ong rừng,Kon Tum,49.0,314239.0,15397711.0
2024-02-26,Đường,Gia Lai,37.0,66279.0,2452323.0
2024-11-15,Gạo,Đắk Lắk,1.0,39361.0,39361.0
2023-10-23,Thổ cẩm,Đắk Lắk,55.0,70965.0,3903075.0
2023-05-24,Rượu cần,Kon Tum,19.0,233415.0,4434885.0
2023-09-24,Gùi mây,Bình Định,56.0,57611.0,3226216.0
2024-01-04,Rượu cần,Bình Định,51.0,56231.0,2867781.0
10/04/2023,Rượu cần,Gia Lai,49.0,72664.0,3560536.0
2023-03-25,Muối,Gia Lai,25.0,101799.0,2544975.0
2023-05-09,Rượu cần,Đắk Lắk,75.0,71720.0,5379000.0
2024-06-18,Thổ cẩm,Kon Tum,46.0,244811.0,11261306.0
2023-06-02,Thổ cẩm,Gia Lai,80.0,169784.0,13582720.0
2024-07-20,Muối,Kon Tum,20.0,278705.0,5574100.0
06/03/2023,Gùi mây,Đắk Lắk,62.0,336925.0,20889350.0
2024-06-18,Gùi mây,Gia Lai,75.0,329580.0,24718500.0
2023-03-31,Muối,Gia Lai,35.0,321289.0,11245115.0
25/06/2024,Cà phê,Bình Định,31.0,247888.0,7684528.0
2023-02-01,Thổ cẩm,Kon Tum,54.0,282633.0,15262182.0
2023-04-02,Muối,Bình Định,28.0,248649.0,6962172.0
2023-10-24,Gùi mây,Đắk Lắk,76.0,61849.0,4700524.0
2024-04-04,Gùi mây,Phú Yên,68.0,59528.0,70203673.21783216
2024-10-14,Gùi mây,Gia Lai,51.0,87960.0,4485960.0
2024-01-23,Gùi mây,Kon Tum,66.0,331142.0,21855372.0
2023-08-07,Đường,Đắk Lắk,47.0,260793.0,12257271.0
2023-05-27,Rượu cần,Đắk Lắk,29.0,314526.0,9121254.0
2023-01-06,Gạo,Gia Lai,27.0,289152.0,7807104.0
2024-12-08,Thổ cẩm,Phú Yên,56.0,231111.0,12942216.0
2023-05-01,Đường,Gia Lai,44.0,129513.0,5698572.0
2024-09-26,Thổ cẩm,Kon Tum,23.0,100938.0,2321574.0
2023-12-09,Gạo,Đắk Lắk,64.0,103905.0,6649920.0
2023-06-08,Thổ cẩm,Kon Tum,20.0,322605.0,6452100.0
2023-01-18,Thổ cẩm,Gia Lai,64.0,39102.0,2502528.0
2024-06-04,Mật ong rừng,Đắk Lắk,34.0,23105.0,785570.0
2023-03-22,Gạo,Đắk Lắk,78.0,261155.0,20370090.0
2024-12-02,Gạo,Đắk Lắk,46.0,194865.0,8963790.0
2024-09-11,Muối,Kon Tum,49.0,103962.0,5094138.0
2024-09-27,Gùi mây,Bình Định,57.0,153578.0,8753946.0
2024-04-15,Gùi mây,Kon Tum,30.0,322996.0,9689880.0
2023-10-14,Đường,Kon Tum,57.0,31596.0,1800972.0
2023-11-15,Thổ cẩm,Đắk Lắk,56.0,75476.0,4226656.0
2023-11-21,Gạo,Kon Tum,84.0,274027.0,23018268.0
2024-07-03,Đường,Đắk Lắk,67.0,206704.0,13849168.0
2024-10-22,Gùi mây,Đắk Lắk,76.0,205209.0,15595884.0
2023-07-24,Gạo,Đắk Lắk,92.0,340347.0,31311924.0
2023-09-11,Rượu cần,Phú Yên,70.0,133228.0,9325960.0
2024-03-22,Rượu cần,Bình Định,63.0,195704.0,12329352.0
2024-07-03,Gùi mây,Bình Định,16.0,250176.0,4002816.0
2024-07-22,Đường,Kon Tum,52.0,292015.0,15184780.0
2023-04-17,Muối,Gia Lai,56.0,231465.0,12962040.0
2024-12-26,Mật ong rừng,Phú Yên,42.0,342241.0,14374122.0
2023-01-30,Đường,Phú Yên,57.0,149559.0,8524863.0
2024-11-25,Đường,Gia Lai,51.0,290856.0,14833656.0
2023-09-18,Cà phê,Kon Tum,51.0,303514.0,15479214.0
2024-10-13,Thổ cẩm,Bình Định,68.0,150595.0,10240460.0
2023-10-15,Gạo,Bình Định,,48167.0,3227189.0
2024-05-16,Muối,Phú Yên,38.0,326079.0,12391002.0
2023-12-06,Cà phê,gia lai,71.0,109787.0,7794877.0
2024-04-01,Gạo,Phú Yên,60.0,72342.0,4340520.0
2024-02-08,Gùi mây,Gia Lai,25.0,113905.0,2847625.0
2023-07-10,Mật ong rừng,Gia Lai,53.0,141916.0,7521548.0
17/07/2024,Mật ong rừng,Kon Tum,62.0,22022.0,1365364.0
15/04/2024,Thổ cẩm,Phú Yên,41.0,329971.0,13528811.0
2024-10-26,Mật ong rừng,Gia Lai,45.0,28926.0,1301670.0
2023-07-05,Đường,Gia Lai,52.0,150601.0,7831252.0
2023-12-22,Cà phê,Kon Tum,55.0,282842.0,15556310.0
2024-02-08,Gạo,Đắk Lắk,27.0,97207.0,2624589.0
2023-09-07,Mật ong rừng,Bình Định,55.0,230622.0,12684210.0
2024-07-02,Cà phê,Bình Định,75.0,129881.0,9741075.0
2024-10-17,Cà phê,Phú Yên,23.0,254136.0,5845128.0
2023-08-28,Gùi mây,Kon Tum,63.0,151054.0,9516402.0
2023-11-21,Muối,Đắk Lắk,32.0,187002.0,5984064.0
2024-06-19,Gạo,Bình Định,42.0,60690.0,2548980.0
2023-07-01,Muối,Gia Lai,47.0,81314.0,3821758.0
2023-03-23,Rượu cần,Đắk Lắk,64.0,156599.0,10022336.0
2024-11-21,Muối,Phú Yên,37.0,341176.0,12623512.0
2023-06-03,Muối,Bình Định,37.0,72490.0,2682130.0
2023-04-14,Thổ cẩm,Gia Lai,35.0,76592.0,2680720.0
2024-05-21,Thổ cẩm,Gia Lai,64.0,347007.0,22208448.0
2024-03-29,Mật ong rừng,Gia Lai,79.0,98200.0,
2024-01-16,Gùi mây,Bình Định,31.0,320219.0,9926789.0
2023-03-13,Gùi mây,Kon Tum,70.0,42292.0,2960440.0
2024-11-10,Gùi mây,Gia Lai,26.0,103195.0,2683070.0
2024-07-12,Thổ cẩm,Kon Tum,70.0,40435.0,2830450.0
2024-11-27,Rượu cần,Bình Định,64.0,17018.0,1089152.0
2023-08-09,Gùi mây,Bình Định,62.0,332933.0,20641846.0
2024-08-12,Muối,Đắk Lắk,2.0,236639.0,473278.0
2023-01-24,Gạo,Kon Tum,58.0,156418.0,9072244.0
2023-03-21,Thổ cẩm,Phú Yên,54.0,63888.0,3449952.0
2024-02-06,Cà phê,Kon Tum,66.0,304358.0,20087628.0
2024-06-16,Gùi mây,Kon Tum,67.0,286340.0,19184780.0
2024-01-22,Thổ cẩm,Phú Yên,28.0,97474.0,2729272.0
2024-09-17,Gạo,Phú Yên,71.0,234345.0,16638495.0
2024-11-08,Đường,Bình Định,56.0,168077.0,9412312.0
2024-05-02,Rượu cần,Kon Tum,44.0,42100.0,1852400.0
2023-11-12,Thổ cẩm,Đắk Lắk,56.0,348009.0,19488504.0
2024-10-03,Gùi mây,Gia Lai,31.0,56790.0,1760490.0
2023-03-09,Gùi mây,Kon Tum,83.0,203559.0,16895397.0
2023-05-06,Cà phê,Kon Tum,82.0,146549.0,12017018.0
2024-09-28,Gạo,Đắk Lắk,41.0,20160.0,826560.0
2024-10-06,Đường,Kon Tum,77.0,212462.0,16359574.0
2024-01-09,Muối,Bình Định,58.0,248808.0,
2024-08-13,Gạo,Đắk Lắk,53.0,36156.0,1916268.0
2023-07-26,Thổ cẩm,Bình Định,41.0,246690.0,10114290.0
2024-10-10,Cà phê,Bình Định,62.0,209047.0,12960914.0
2023-02-02,Muối,Bình Định,55.0,321553.0,17685415.0
2024-04-02,Mật ong rừng,Gia Lai,9.0,142004.0,1278036.0
2024-05-19,Cà phê,Gia Lai,66.0,131201.0,8659266.0
2023-06-02,Cà phê,Kon Tum,25.0,25622.0,640550.0
2023-12-29,Đường,Bình Định,77.0,119433.0,9196341.0
2024-02-21,Gạo,Gia Lai,77.0,270639.0,20839203.0
2023-04-22,Mật ong rừng,Kon Tum,45.0,177448.0,7985160.0
2024-03-06,Mật ong rừng,Bình Định,47.0,18358.0,862826.0
2023-10-03,Đường,Đắk Lắk,48.0,108808.0,5222784.0
2023-12-31,Cà phê,Bình Định,63.0,208822.0,13155786.0
2023-07-22,Thổ cẩm,Đắk Lắk,78.0,253370.0,19762860.0
13/01/2024,Gùi mây,Phú Yên,24.0,40974.0,983376.0
2024-02-08,Thổ cẩm,Phú Yên,51.0,220022.0,11221122.0
2024-05-10,Rượu cần,Gia Lai,64.0,222135.0,14216640.0
2023-05-20,Gùi mây,Đắk Lắk,26.0,264464.0,6876064.0
2023-02-23,Gạo,Phú Yên,80.0,213042.0,17043360.0
2024-11-18,Gạo,Kon Tum,106.0,201975.0,21409350.0
2023-02-24,Thổ cẩm,Phú Yên,,316806.0,19958778.0
2024-02-09,Gạo,Phú Yên,44.0,286050.0,12586200.0
2023-09-22,Thổ cẩm,Bình Định,51.0,90467.0,4613817.0
2024-06-19,Rượu cần,Đắk Lắk,64.0,301841.0,19317824.0
2024-06-16,Gạo,Gia Lai,69.0,249966.0,17247654.0
2023-01-22,Gùi mây,Đắk Lắk,36.0,282159.0,10157724.0
2023-12-30,Gạo,Bình Định,81.0,55470.0,4493070.0
2023-03-24,Thổ cẩm,Gia Lai,39.0,287295.0,11204505.0
2024-11-07,Gạo,Phú Yên,30.0,144944.0,4348320.0
2023-05-28,Gùi mây,Đắk Lắk,52.0,118625.0,6168500.0
2024-11-16,Gùi mây,Kon Tum,36.0,32658.0,1175688.0
2024-01-06,Cà phê,Phú Yên,55.0,104225.0,5732375.0
2024-04-11,Gùi mây,Phú Yên,33.0,335912.0,11085096.0
2024-01-05,Cà phê,Gia Lai,53.0,203016.0,10759848.0
2024-01-13,Mật ong rừng,gia lai,30.0,83466.0,2503980.0
2023-12-09,Gùi mây,Đắk Lắk,25.0,170761.0,4269025.0
2024-09-18,Thổ cẩm,Kon Tum,49.0,65332.0,3201268.0
2023-08-05,Cà phê,Gia Lai,57.0,42243.0,57679780.66364252
29/12/2024,Gùi mây,Kon Tum,51.0,339285.0,17303535.0
2023-08-04,Mật ong rừng,Đắk Lắk,29.0,175115.0,5078335.0
2023-11-07,Gạo,Đắk Lắk,70.0,302150.0,21150500.0
2023-03-21,Mật ong rừng,Bình Định,45.0,254565.0,11455425.0
2024-02-26,Đường,Đắk Lắk,62.0,248516.0,15407992.0
2023-11-23,Thổ cẩm,Bình Định,47.0,170528.0,8014816.0
2024-06-19,Gạo,Kon Tum,41.0,67089.0,2750649.0
2024-05-28,Gùi mây,Bình Định,38.0,152558.0,5797204.0
2023-03-02,Cà phê,Gia Lai,30.0,195644.0,5869320.0
2023-02-10,Gạo,Phú Yên,37.0,121698.0,4502826.0
2024-06-06,Mật ong rừng,Gia Lai,48.0,263920.0,12668160.0
2024-11-23,Muối,Bình Định,40.0,134749.0,5389960.0
2024-07-28,Đường,Gia Lai,54.0,296390.0,16005060.0
2024-12-19,Rượu cần,Phú Yên,45.0,139458.0,6275610.0
2024-08-01,Đường,Đắk Lắk,35.0,54299.0,1900465.0
2023-12-04,Thổ cẩm,Phú Yên,57.0,332792.0,18969144.0
2023-12-12,Rượu cần,Phú Yên,62.0,152791.0,9473042.0
2023-10-30,Gùi mây,Đắk Lắk,69.0,270874.0,18690306.0
2023-02-10,Gùi mây,Đắk Lắk,69.0,115260.0,7952940.0
2023-08-30,Muối,Kon Tum,9.0,121232.0,1091088.0
2023-08-26,Gạo,Bình Định,68.0,249751.0,16983068.0
2023-10-11,Mật ong rừng,Phú Yên,17.0,102200.0,1737400.0
2024-09-11,Gùi mây,Đắk Lắk,50.0,179676.0,8983800.0
2024-11-20,Cà phê,Đắk Lắk,90.0,146789.0,13211010.0
2023-07-30,Gạo,Đắk Lắk,29.0,99785.0,2893765.0
2023-07-05,Gùi mây,Bình Định,43.0,135732.0,5836476.0
2023-09-21,Muối,Đắk Lắk,7.0,281471.0,1970297.0
2024-10-31,Gạo,Bình Định,36.0,291407.0,10490652.0
2024-01-29,Gùi mây,Bình Định,50.0,156347.0,7817350.0
2023-12-29,Thổ cẩm,Gia Lai,58.0,338438.0,19629404.0
2023-09-14,Muối,Đắk Lắk,44.0,250260.0,11011440.0
2023-03-21,Mật ong rừng,Gia Lai,25.0,127456.0,3186400.0
2023-06-29,Thổ cẩm,Đắk Lắk,77.0,266632.0,20530664.0
2024-05-11,Cà phê,Gia Lai,52.0,304649.0,15841748.0
2024-08-13,Mật ong rừng,Đắk Lắk,50.0,185167.0,9258350.0
2024-03-21,Thổ cẩm,Kon Tum,28.0,218995.0,6131860.0
2024-04-29,Mật ong rừng,Gia Lai,37.0,227227.0,8407399.0
2024-04-28,Mật ong rừng,Bình Định,85.0,124303.0,10565755.0
2023-03-13,Rượu cần,Đắk Lắk,44.0,226101.0,9948444.0
2023-10-09,Gùi mây,Gia Lai,53.0,92044.0,4878332.0
2024-04-14,Cà phê,Phú Yên,61.0,110610.0,6747210.0
2024-11-21,Cà phê,Gia Lai,-33.0,329920.0,10887360.0
2024-04-13,Mật ong rừng,Đắk Lắk,41.0,69461.0,2847901.0
2024-03-25,Gùi mây,Bình Định,50.0,222359.0,11117950.0
2024-06-06,Rượu cần,Gia Lai,35.0,344871.0,12070485.0
25/03/2024,Gùi mây,Bình Định,44.0,151438.0,6663272.0
2024-02-24,Rượu cần,Đắk Lắk,45.0,95817.0,4311765.0
2023-02-20,Đường,Đắk Lắk,50.0,122575.0,6128750.0
2023-03-06,Gùi mây,Gia Lai,50.0,175237.0,8761850.0
2024-06-11,Đường,Gia Lai,51.0,206582.0,10535682.0
2024-01-05,Rượu cần,Gia Lai,64.0,144563.0,9252032.0
2023-07-13,Gạo,Kon Tum,53.0,272244.0,14428932.0
2023-08-11,Gùi mây,đắk lắk,43.0,247055.0,10623365.0
2024-02-09,Rượu cần,Đắk Lắk,85.0,125812.0,10694020.0
2023-12-20,Gùi mây,Phú Yên,77.0,67519.0,5198963.0
2024-11-14,Gùi mây,Phú Yên,67.0,243916.0,16342372.0
2024-08-27,Thổ cẩm,Bình Định,66.0,140470.0,9271020.0
2023-12-26,Rượu cần,Kon Tum,80.0,41119.0,3289520.0
2024-12-19,Muối,Bình Định,79.0,147956.0,11688524.0
2023-01-24,Cà phê,kon tum,57.0,283545.0,16162065.0
2023-01-12,Gạo,Kon Tum,73.0,241421.0,17623733.0
2024-03-31,Rượu cần,Phú Yên,46.0,31859.0,1465514.0
2023-01-19,Thổ cẩm,Bình Định,70.0,273896.0,19172720.0
2023-10-01,Mật ong rừng,Kon Tum,37.0,323995.0,11987815.0
2023-11-01,Rượu cần,Phú Yên,20.0,138594.0,2771880.0
2023-12-14,Gùi mây,Bình Định,38.0,55885.0,2123630.0
2023-10-21,Muối,Đắk Lắk,68.0,245910.0,16721880.0
2023-07-14,Cà phê,Gia Lai,70.0,39336.0,2753520.0
2023-12-19,Gùi mây,Bình Định,55.0,172438.0,9484090.0
2023-06-08,Gạo,Bình Định,52.0,223408.0,11617216.0
2024-01-20,Mật ong rừng,Kon Tum,36.0,54816.0,1973376.0
2023-06-20,Gạo,Bình Định,48.0,194410.0,9331680.0
 09/05/2024 ,Thổ cẩm,Gia Lai,32.0,267131.0,8548192.0
2023-05-06,Mật ong rừng,Phú Yên,97.0,297215.0,28829855.0
2023-12-10,Cà phê,Phú Yên,31.0,141460.0,4385260.0
2023-12-19,Muối,Phú Yên,41.0,199797.0,8191677.0
2023-01-04,Gùi mây,Đắk Lắk,42.0,309752.0,13009584.0
2023-06-12,Gùi mây,Gia Lai,44.0,166934.0,7345096.0
2024-06-19,Mật ong rừng,Kon Tum,30.0,278733.0,8361990.0
2024-08-02,Gạo,Bình Định,63.0,113459.0,7147917.0
2024-05-18,Cà phê,Gia Lai,51.0,122810.0,6263310.0
08/11/2023,Muối,Bình Định,-47.0,30901.0,37479372.34714422
2024-05-10,Đường,Kon Tum,33.0,236340.0,7799220.0
2024-09-02,Mật ong rừng,Kon Tum,53.0,44165.0,2340745.0
2024-02-11,Rượu cần,Đắk Lắk,58.0,322525.0,18706450.0
2024-08-26,Mật ong rừng,Đắk Lắk,50.0,34931.0,1746550.0
2024-04-02,Muối,Kon Tum,39.0,305711.0,
2024-11-07,Muối,Bình Định,58.0,23425.0,1358650.0
2023-03-15,Gùi mây,Phú Yên,85.0,24463.0,2079355.0
2024-07-03,Đường,Kon Tum,60.0,84257.0,5055420.0
2024-03-15,Gùi mây,Kon Tum,58.0,218634.0,12680772.0
2023-12-21,Gạo,Bình Định,63.0,83110.0,5235930.0
2024-03-31,Gùi mây,Đắk Lắk,,273518.0,13128864.0
2024-09-19,Cà phê,Phú Yên,43.0,86458.0,3717694.0
2024-03-27,Cà phê,Bình Định,25.0,37068.0,926700.0
2023-05-14,Gạo,Bình Định,28.0,102633.0,2873724.0
2023-05-15,Thổ cẩm,Kon Tum,46.0,139962.0,6438252.0
2023-11-28,Đường,Kon Tum,,175026.0,2800416.0
2023-09-21,Cà phê,Kon Tum,43.0,43822.0,1884346.0
 27/05/2024 ,Rượu cần,Đắk Lắk,64.0,75140.0,4808960.0
2024-07-31,Thổ cẩm,Phú Yên,1.0,271649.0,271649.0
2023-01-28,Rượu cần,Bình Định,69.0,171272.0,11817768.0
2024-05-20,Đường,Phú Yên,61.0,214931.0,13110791.0
2023-04-07,Cà phê,Gia Lai,39.0,201667.0,7865013.0
2024-04-30,Gạo,Phú Yên,71.0,240757.0,17093747.0
2024-04-12,Muối,Gia Lai,43.0,110020.0,4730860.0
2023-03-31,Gạo,Bình Định,53.0,136219.0,7219607.0
2023-08-05,Thổ cẩm,Kon Tum,41.0,60199.0,2468159.0
2024-07-02,Cà phê,Gia Lai,58.0,227405.0,13189490.0
23/12/2023,Cà phê,Phú Yên,71.0,344751.0,24477321.0
2023-02-10,Cà phê,Bình Định,56.0,64945.0,3636920.0
2024-04-19,Muối,Bình Định,47.0,65192.0,3064024.0
2023-04-04,Đường,Gia Lai,61.0,187582.0,11442502.0
2023-05-15,Cà phê,Bình Định,11.0,119152.0,1310672.0
2024-09-18,Thổ cẩm,Phú Yên,49.0,206774.0,10131926.0
2023-06-12,Gạo,Đắk Lắk,51.0,152626.0,7783926.0
2024-12-15,Rượu cần,Đắk Lắk,67.0,120042.0,8042814.0
2023-06-16,Thổ cẩm,Gia Lai,52.0,58801.0,3057652.0
2023-12-26,Gạo,Đắk Lắk,58.0,172594.0,10010452.0
2024-09-04,Rượu cần,Đắk Lắk,59.0,286283.0,16890697.0
2023-12-31,Rượu cần,Bình Định,38.0,141868.0,5390984.0
2023-01-15,Thổ cẩm,Bình Định,75.0,44416.0,3331200.0
2023-02-12,Đường,Đắk Lắk,70.0,239939.0,16795730.0
2024-08-20,Đường,Gia Lai,42.0,249528.0,10480176.0
2023-08-31,Cà phê,Gia Lai,47.0,158360.0,7442920.0
2024-01-11,Thổ cẩm,Kon Tum,30.0,261480.0,7844400.0
2023-02-28,Rượu cần,Phú Yên,47.0,263357.0,12377779.0
2024-02-23,Mật ong rừng,Gia Lai,66.0,342374.0,22596684.0
2023-02-20,Đường,Gia Lai,,86763.0,3210231.0
2023-06-07,Rượu cần,Phú Yên,63.0,345297.0,21753711.0
2023-07-13,Rượu cần,Phú Yên,62.0,91572.0,5677464.0
2024-11-26,Rượu cần,Gia Lai,80.0,92264.0,7381120.0
2024-09-02,Mật ong rừng,Gia Lai,64.0,229440.0,14684160.0
2024-01-09,Cà phê,Kon Tum,21.0,252985.0,5312685.0
2024-12-02,Thổ cẩm,Phú Yên,56.0,250463.0,14025928.0
2024-03-23,Mật ong rừng,Kon Tum,83.0,254276.0,21104908.0
06/04/2024,Gạo,Gia Lai,65.0,116319.0,7560735.0
2024-05-09,Gạo,Phú Yên,66.0,85846.0,5665836.0
2023-09-28,Thổ cẩm,Gia Lai,79.0,269566.0,21295714.0
24/04/2024,Gùi mây,Bình Định,32.0,317052.0,10145664.0
2023-02-01,Đường,Gia Lai,49.0,46351.0,2271199.0
2024-04-17,Cà phê,Gia Lai,57.0,249993.0,14249601.0
2023-06-24,Gùi mây,Gia Lai,64.0,102450.0,6556800.0
2024-12-16,Gùi mây,Đắk Lắk,41.0,298862.0,12253342.0
2023-11-28,Cà phê,Bình Định,47.0,263576.0,12388072.0
2024-05-25,Muối,Kon Tum,81.0,183836.0,14890716.0
2023-12-18,Cà phê,Đắk Lắk,25.0,46749.0,1168725.0
2024-04-05,Cà phê,Gia Lai,85.0,156277.0,13283545.0
2024-06-06,Gạo,Đắk Lắk,9.0,328629.0,2957661.0
2023-07-23,Cà phê,Kon Tum,67.0,299975.0,20098325.0
2023-06-15,Đường,Phú Yên,47.0,16603.0,780341.0
2023-09-23,Mật ong rừng,Phú Yên,35.0,96639.0,3382365.0
2024-09-30,Muối,Bình Định,64.0,190868.0,12215552.0
2023-08-19,Thổ cẩm,Đắk Lắk,38.0,36415.0,1383770.0
2023-09-03,Muối,Bình Định,74.0,270740.0,20034760.0
2023-08-18,Mật ong rừng,Kon Tum,25.0,26904.0,672600.0
2024-09-12,Gùi mây,Kon Tum,37.0,33427.0,1236799.0
2024-09-20,Cà phê,Đắk Lắk,35.0,121014.0,4235490.0
2024-10-04,Đường,Đắk Lắk,24.0,187621.0,4502904.0
2024-02-17,Rượu cần,Gia Lai,25.0,341844.0,8546100.0
2023-09-21,Muối,Đắk Lắk,7.0,281471.0,1970297.0
2023-12-04,Gạo,Bình Định,70.0,65369.0,4575830.0
2024-02-19,Thổ cẩm,Kon Tum,33.0,273781.0,9034773.0
2023-05-25,Rượu cần,Bình Định,20.0,326791.0,6535820.0
2023-03-21,Rượu cần,Kon Tum,34.0,257750.0,8763500.0
2024-10-07,Thổ cẩm,Đắk Lắk,41.0,302469.0,12401229.0
2024-05-22,Gùi mây,Kon Tum,32.0,85682.0,2741824.0
2023-01-06,Đường,Phú Yên,28.0,278756.0,7805168.0
2023-01-11,Mật ong rừng,Gia Lai,50.0,293395.0,14669750.0
2024-04-27,Cà phê,Kon Tum,57.0,347465.0,19805505.0
2024-08-08,Cà phê,Phú Yên,72.0,169221.0,12183912.0
2023-06-03,Muối,Kon Tum,53.0,89891.0,4764223.0
2024-08-23,Đường,Gia Lai,72.0,291250.0,20970000.0
2024-08-05,Rượu cần,Đắk Lắk,22.0,251962.0,5543164.0
2024-09-16,Thổ cẩm,Bình Định,79.0,336268.0,26565172.0
2024-04-10,Rượu cần,Phú Yên,7.0,26475.0,185325.0
2023-03-10,Đường,Phú Yên,31.0,26160.0,810960.0
2023-04-14,Đường,Gia Lai,36.0,169274.0,6093864.0
2024-10-08,Mật ong rừng,Phú Yên,55.0,111292.0,6121060.0
2024-05-06,Muối,Phú Yên,68.0,117041.0,7958788.0
2024-12-17,Rượu cần,Đắk Lắk,,158379.0,9502740.0
2024-07-01,Đường,Gia Lai,45.0,54025.0,2431125.0
2024-02-01,Muối,Đắk Lắk,72.0,182976.0,13174272.0
2023-02-03,Muối,Bình Định,29.0,261625.0,7587125.0
2024-05-28,Mật ong rừng,Kon Tum,57.0,127878.0,7289046.0
2023-09-01,Muối,Phú Yên,31.0,90299.0,2799269.0
2024-11-30,Thổ cẩm,Đắk Lắk,28.0,39759.0,1113252.0
2023-02-26,Cà phê,Gia Lai,49.0,107986.0,5291314.0
2023-08-31,Gạo,Gia Lai,71.0,290841.0,20649711.0
2024-03-14,Gùi mây,Đắk Lắk,47.0,110800.0,5207600.0
2024-06-11,Gùi mây,Phú Yên,41.0,52658.0,2158978.0
2024-09-01,Gạo,Kon Tum,86.0,50268.0,4323048.0
2024-12-20,Gùi mây,Gia Lai,76.0,284371.0,21612196.0
2023-03-25,Mật ong rừng,Bình Định,59.0,219460.0,12948140.0
2023-03-30,Đường,Phú Yên,62.0,197857.0,12267134.0
2023-05-02,Đường,Phú Yên,26.0,196266.0,5102916.0
2023-10-18,Cà phê,Bình Định,62.0,164919.0,10224978.0
2023-04-28,Mật ong rừng,Đắk Lắk,40.0,166999.0,6679960.0
2023-01-13,Rượu cần,Bình Định,30.0,339168.0,10175040.0
2024-02-15,Gùi mây,Bình Định,56.0,303676.0,17005856.0
2024-06-10,Gùi mây,Bình Định,71.0,178890.0,12701190.0
2024-01-17,Mật ong rừng,Phú Yên,38.0,249103.0,9465914.0
2024-04-18,Muối,Phú Yên,54.0,178076.0,9616104.0
2024-06-30,Cà phê,Bình Định,65.0,280815.0,18252975.0
2024-01-20,Gùi mây,Đắk Lắk,25.0,180297.0,4507425.0
2024-01-27,Mật ong rừng,Đắk Lắk,16.0,214159.0,3426544.0
2023-05-20,Gùi mây,Đắk Lắk,26.0,264464.0,6876064.0
2023-09-18,Rượu cần,Phú Yên,57.0,273531.0,15591267.0
2023-02-04,Muối,Đắk Lắk,40.0,203673.0,8146920.0
2024-11-01,Muối,Phú Yên,54.0,176738.0,9543852.0
2023-03-29,Đường,Đắk Lắk,50.0,236714.0,455705957.10212797
2023-11-15,Đường,Gia Lai,32.0,23773.0,760736.0
2024-02-28,Muối,Bình Định,83.0,97159.0,8064197.0
2023-02-23,Đường,Đắk Lắk,55.0,226916.0,12480380.0
2023-04-08,Muối,Bình Định,62.0,116186.0,7203532.0
2024-05-25,Muối,Đắk Lắk,59.0,324964.0,19172876.0
2023-06-12,Rượu cần,Kon Tum,34.0,34743.0,1181262.0
2023-05-02,Rượu cần,Phú Yên,63.0,333303.0,20998089.0
2023-01-14,Cà phê,Bình Định,50.0,232741.0,11637050.0
2023-09-08,Muối,Kon Tum,51.0,70936.0,3617736.0
2024-04-06,Gùi mây,Gia Lai,57.0,50968.0,2905176.0
2023-06-26,Muối,Phú Yên,84.0,74263.0,6238092.0
2023-03-26,Đường,Gia Lai,34.0,56284.0,1913656.0
2023-05-16,Muối,Bình Định,50.0,260465.0,13023250.0
2023-11-29,Muối,Kon Tum,58.0,270715.0,15701470.0
2023-10-22,Rượu cần,Kon Tum,30.0,271909.0,8157270.0
2024-05-30,Thổ cẩm,Phú Yên,55.0,334339.0,18388645.0
2023-04-17,Gạo,Phú Yên,45.0,53998.0,2429910.0
2024-12-11,Rượu cần,Kon Tum,39.0,275457.0,10742823.0
2024-11-03,Rượu cần,Gia Lai,69.0,272743.0,18819267.0
2023-01-16,Gùi mây,Đắk Lắk,50.0,87461.0,4373050.0
2023-08-21,Gùi mây,Phú Yên,37.0,313418.0,11596466.0
2023-04-03,Cà phê,Bình Định,57.0,273644.0,15597708.0
2023-04-25,Thổ cẩm,Phú Yên,44.0,296321.0,13038124.0
2023-11-28,Mật ong rừng,Đắk Lắk,98.0,248752.0,24377696.0
2023-05-10,Gùi mây,Đắk Lắk,2.0,321276.0,642552.0
2024-05-13,Mật ong rừng,Đắk Lắk,49.0,191086.0,9363214.0
2024-09-26,Gạo,Bình Định,49.0,195886.0,9598414.0
2024-10-12,Gùi mây,Bình Định,,50257.0,2663621.0
2023-06-14,Gùi mây,Phú Yên,64.0,129656.0,8297984.0
2023-05-17,Rượu cần,Phú Yên,65.0,321764.0,20914660.0
2023-09-16,Thổ cẩm,Kon Tum,46.0,62757.0,2886822.0
2023-11-08,Đường,Đắk Lắk,27.0,41297.0,1115019.0
2024-11-13,Gạo,Đắk Lắk,53.0,307924.0,16319972.0
2023-11-24,Đường,Kon Tum,70.0,166183.0,11632810.0
2024-06-08,Gạo,Phú Yên,70.0,287624.0,20133680.0
2023-10-16,Rượu cần,Gia Lai,56.0,272498.0,15259888.0
2024-12-09,Thổ cẩm,Kon Tum,33.0,180481.0,5955873.0
2023-09-23,Muối,Kon Tum,25.0,84925.0,2123125.0
2023-06-12,Cà phê,Bình Định,64.0,26182.0,1675648.0
2024-05-11,Gùi mây,Đắk Lắk,21.0,309349.0,6496329.0
2024-10-24,Thổ cẩm,Kon Tum,58.0,131037.0,7600146.0
2024-02-09,Cà phê,Phú Yên,47.0,46605.0,2190435.0
2023-03-29,Mật ong rừng,Đắk Lắk,14.0,303892.0,4254488.0
2023-11-10,Gạo,Bình Định,30.0,307874.0,9236220.0
2023-06-23,Gùi mây,Phú Yên,40.0,200867.0,8034680.0
2024-08-20,Đường,Bình Định,71.0,113033.0,8025343.0
2024-09-26,Gạo,Bình Định,49.0,195886.0,9598414.0
2023-05-07,Thổ cẩm,Bình Định,36.0,26804.0,964944.0
2023-05-11,Đường,Đắk Lắk,59.0,139797.0,8248023.0
2023-08-22,Mật ong rừng,Kon Tum,57.0,233861.0,13330077.0
2024-01-18,Đường,Phú Yên,39.0,318630.0,12426570.0
2023-12-14,Gùi mây,Gia Lai,53.0,206876.0,10964428.0
2023-10-31,Rượu cần,Đắk Lắk,60.0,341939.0,20516340.0
2024-01-31,Thổ cẩm,Gia Lai,80.0,249410.0,19952800.0
2024-04-14,Mật ong rừng,Phú Yên,47.0,139427.0,6553069.0
2023-11-17,Rượu cần,Đắk Lắk,1.0,135423.0,135423.0
2024-08-24,Gùi mây,Bình Định,22.0,158095.0,3478090.0
2024-10-02,Rượu cần,Phú Yên,48.0,69767.0,3348816.0
2023-07-07,Thổ cẩm,Bình Định,56.0,36215.0,2028040.0
2023-06-06,Mật ong rừng,Phú Yên,51.0,213520.0,10889520.0
2023-10-13,Gạo,Phú Yên,81.0,241382.0,19551942.0
2023-05-05,Gạo,Kon Tum,42.0,115579.0,4854318.0
2024-05-07,Mật ong rừng,Bình Định,31.0,302419.0,9374989.0
2024-07-26,Gùi mây,Đắk Lắk,74.0,193787.0,14340238.0
2024-08-28,Gùi mây,Phú Yên,51.0,194907.0,9940257.0
2023-12-20,Gùi mây,Đắk Lắk,25.0,207728.0,5193200.0
2023-06-20,Muối,Bình Định,54.0,108030.0,5833620.0
2024-09-15,Thổ cẩm,Gia Lai,51.0,30991.0,1580541.0
2023-12-19,Cà phê,Đắk Lắk,39.0,79061.0,3083379.0
2024-06-14,Mật ong rừng,Đắk Lắk,-53.0,345392.0,18305776.0
2024-06-11,Rượu cần,Bình Định,71.0,76286.0,5416306.0
2023-12-01,Mật ong rừng,Kon Tum,17.0,45954.0,781218.0
2023-05-12,Thổ cẩm,Kon Tum,56.0,328759.0,18410504.0
2024-06-28,Đường,Đắk Lắk,62.0,140343.0,8701266.0
2023-08-02,Thổ cẩm,Phú Yên,65.0,144772.0,9410180.0
2024-06-09,Gùi mây,Bình Định,71.0,24645.0,1749795.0
2024-03-27,Cà phê,Gia Lai,29.0,128194.0,
2023-08-04,Muối,Gia Lai,45.0,295462.0,13295790.0
2024-11-17,Mật ong rừng,Phú Yên,55.0,122135.0,6717425.0
2023-09-30,Đường,Phú Yên,-43.0,134247.0,5772621.0
2023-06-03,Mật ong rừng,Gia Lai,23.0,148475.0,3414925.0
2023-12-07,Rượu cần,Gia Lai,32.0,181599.0,5811168.0
2024-04-16,Mật ong rừng,Gia Lai,45.0,235358.0,10591110.0
2024-02-29,Muối,Gia Lai,31.0,82437.0,2555547.0
2023-04-09,Mật ong rừng,Kon Tum,47.0,33701.0,1583947.0
2024-07-06,Thổ cẩm,Kon Tum,50.0,170510.0,8525500.0
2023-06-01,Đường,Phú Yên,18.0,165652.0,99309133.37412351
2024-01-23,Cà phê,Bình Định,57.0,220817.0,12586569.0
2023-02-26,Mật ong rừng,Kon Tum,31.0,61798.0,1915738.0
2023-11-01,Rượu cần,Gia Lai,59.0,24894.0,1468746.0
2024-09-15,Mật ong rừng,Kon Tum,82.0,267897.0,21967554.0
2023-09-01,Thổ cẩm,Đắk Lắk,47.0,345701.0,16247947.0
2024-04-04,Đường,Đắk Lắk,,186739.0,8589994.0
2023-09-14,Mật ong rừng,Kon Tum,31.0,110195.0,3416045.0
2024-03-10,Thổ cẩm,Phú Yên,74.0,296189.0,21917986.0
2024-01-09,Thổ cẩm,Đắk Lắk,23.0,103154.0,2372542.0
2023-05-05,Thổ cẩm,Kon Tum,33.0,180902.0,5969766.0
22/01/2023,Mật ong rừng,Bình Định,40.0,183343.0,7333720.0
2024-12-08,Cà phê,Phú Yên,42.0,69124.0,2903208.0
2023-04-01,Cà phê,Đắk Lắk,31.0,108831.0,3373761.0
2024-02-21,Gạo,Gia Lai,77.0,270639.0,20839203.0
2023-02-17,Mật ong rừng,Gia Lai,59.0,28597.0,1687223.0
2023-06-18,Gùi mây,Phú Yên,50.0,25447.0,39817368.112764806
2023-09-03,Rượu cần,Đắk Lắk,63.0,177304.0,11170152.0
2024-06-17,Mật ong rừng,Phú Yên,62.0,155261.0,9626182.0
2024-04-10,Muối,Phú Yên,88.0,316828.0,27880864.0
2023-11-21,Gùi mây,Kon Tum,61.0,298250.0,18193250.0
2024-08-02,Muối,Phú Yên,58.0,239275.0,13877950.0
2024-11-06,Cà phê,Kon Tum,28.0,17816.0,498848.0
2024-01-07,Muối,Kon Tum,55.0,27490.0,1511950.0
2024-05-07,Gùi mây,Bình Định,26.0,158343.0,4116918.0
2024-03-28,Rượu cần,Đắk Lắk,41.0,117705.0,4825905.0
2024-08-03,Gạo,Kon Tum,33.0,254279.0,8391207.0
2023-09-04,Gùi mây,Kon Tum,56.0,134001.0,7504056.0
2023-02-12,Muối,Phú Yên,55.0,256752.0,14121360.0
2023-01-21,Cà phê,Đắk Lắk,79.0,193737.0,15305223.0
2024-12-11,Muối,Gia Lai,31.0,330788.0,10254428.0
2024-11-21,Mật ong rừng,Bình Định,43.0,287235.0,12351105.0
2023-12-27,Cà phê,Gia Lai,67.0,316989.0,21238263.0
2024-05-31,Mật ong rừng,Phú Yên,29.0,295587.0,8572023.0
2024-08-06,Mật ong rừng,Gia Lai,56.0,41519.0,2325064.0
2023-09-22,Cà phê,Đắk Lắk,26.0,189775.0,4934150.0
2023-11-05,Đường,Gia Lai,50.0,198184.0,9909200.0
2023-12-12,Gùi mây,Kon Tum,48.0,201848.0,9688704.0
2024-04-28,Thổ cẩm,Kon Tum,47.0,345824.0,16253728.0
2024-01-22,Thổ cẩm,Gia Lai,72.0,47970.0,3453840.0
