id,mon_hoc,diem
72,Toán,5.0
123,Ngữ văn,8.4
70,Vật lý,7.8
107,Tiếng Anh,5.5
13,Toán,4.5
128,Tiếng Anh,8.7
137,Vật lý,7.7
103,Vật lý,5.0
64,Vật lý,6.4
56,Tiếng Anh,4.1
25,Tiếng Anh,7.1
57,Tiếng Anh,7.3
104,Tiếng Anh,8.2
68,Tiếng Anh,7.3
84,Toán,9.4
90,Vật lý,4.9
1,Vật lý,
90,Vật lý,4.9
70,Toán,7.5
126,Tiếng Anh,6.8
118,Ngữ văn,5.0
15,Ngữ văn,6.8
44,Tiếng Anh,7.7
89,Tiếng Anh,5.2
53,Vật lý,8.0
81,Vật lý,9.2
134,Vật lý,5.5
24,Tiếng Anh,6.9
90,Ngữ văn,7.7
116,Ngu Van,-1.0
87,Toán,6.9
28,Tiếng Anh,7.2
1,Toán,
68,Vật lý,5.7
49,Tiếng Anh,4.6
10,Tiếng Anh,5.5
9007,Toán,8.2
35,Vật lý,4.4
93,Toán,6.8
9008,Ngữ văn,5.9
106,Tiếng Anh,7.4
48,Ngữ văn,6.0
33,Vật lý,8.9
27,Vật lý,7.1
90,Tiếng Anh,3.9
111,toan,8.6
93,Vật lý,4.4
48,Toán,6.3
62,Toán,6.3
54,Ngữ văn,7.2
9006,Tiếng Anh,5.7
132,Tiếng Anh,6.6
105,Tiếng Anh,7.3
60,Tiếng Anh,6.8
33,Ngữ văn,
41,Tiếng Anh,-1.0
36,Toán,6.1
130,Vật lý,2.6
36,Ngữ văn,7.4
114,tiếng anh ,
58,Tiếng Anh,7.2
30,Ngữ văn,7.3
139,Tiếng Anh,7.4
38,Vật lý,5.8
134,Toán,6.2
52,Toán,6.8
94,Vật lý,6.4
32,Ngữ văn,7.2
82,Toán,9.8
119,Tiếng Anh,7.6
99,Vật lý,4.0
17,Toán,7.1
122,Ngữ văn,7.5
16,Vật lý,6.5
138,Vật lý,9.1
14,Vật lý,7.5
107,Vật lý,7.9
61,Ngữ văn,5.4
101,Vật lý,7.7
92,Vật lý,8.8
63,Vật lý,10.0
26,Toán,7.6
84,Tiếng Anh,
117,Ngữ văn,5.0
25,Toán,5.1
79,Vật lý,
95,Vật lý,7.6
57,Ngữ văn,6.4
80,Tiếng Anh,4.7
107,Ngữ văn,9.2
51,Ngữ văn,7.4
8,Tiếng Anh,8.7
62,Vật lý,7.3
9011,Vật lý,8.3
21,Tiếng Anh,6.8
118,Toán,7.1
20,Ngữ văn,5.6
78,Vật lý,7.1
80,Toán,6.7
80,Vật lý,4.6
137,Toán,5.3
133,Vật lý,6.8
26,Tiếng Anh,6.0
140,Tiếng Anh,5.1
127,Vật lý,5.9
49,Vật lý,4.9
85,Vật lý,7.6
31,Tiếng Anh,6.5
90,Toán,7.2
96,Toán,9.2
131,Ngữ văn,7.9
116,Tiếng Anh,6.9
78,Tiếng Anh,6.2
6,Vật lý,7.6
102,Tiếng Anh,7.2
122,Toán,6.7
7,Ngữ văn,6.1
109,Tiếng Anh,7.0
44,Ngữ văn,3.0
96,Tiếng Anh,8.6
140,Toán,9.1
104,Toán,6.9
42,Tiếng Anh,5.7
22,Tiếng Anh,8.8
74,Tiếng Anh,7.6
7,Tiếng Anh,6.9
92,Toán,5.7
52,Vật lý,6.5
76,Tiếng Anh,7.5
125,Tiếng Anh,5.7
134,Ngữ văn,8.4
9005,Tiếng Anh,6.1
71,Toán,3.8
29,Toán,6.7
88,Ngữ văn,4.4
93,Tiếng Anh,6.6
115,Vật lý,6.2
67,Tiếng Anh,7.6
74,Ngữ văn,6.3
9,Ngữ văn,7.9
91,tiếng anh ,8.1
85,Toán,4.4
71,Tiếng Anh,5.4
114,Ngữ văn,8.4
73,Vật lý,8.6
3,Toán,6.4
126,Ngữ văn,99.0
100,Vật lý,5.1
54,Vật lý,6.2
91,Vật lý,
109,Ngữ văn,4.7
13,Vật Lý,
114,Vật lý,4.1
65,Ngữ văn,3.6
13,Ngữ văn,7.0
26,Ngữ văn,6.3
18,Toán,6.6
14,Tiếng Anh,15.0
8,Toán,8.2
75,Vật lý,9.6
63,Ngữ văn,6.5
110,Ngữ văn,7.7
12,Tiếng Anh,4.0
21,Ngữ văn,5.7
101,Tiếng Anh,8.2
119,Vật lý,6.5
52,Tiếng Anh,7.1
79,Toán,9.0
80,Ngữ văn,9.3
2,Toán,5.2
86,Ngữ văn,7.9
112,Toán,7.4
88,Vật lý,5.8
110,Toán,2.9
133,Ngữ văn,4.3
97,Vật lý,10.0
9013,Toán,7.6
126,Toán,5.2
103,Tiếng Anh,8.5
55,Toán,5.3
26,Vật lý,3.2
107,Toán,7.3
60,Ngữ văn,4.6
59,Toán,8.8
131,Toán,99.0
27,Toán,5.0
79,Ngữ văn,
105,Ngữ văn,5.0
109,Toán,5.8
136,Tiếng Anh,7.1
5,Toán,7.6
5,Vật lý,6.1
123,Vật Lý,4.9
30,Tiếng Anh,7.0
48,Vật lý,8.4
52,Ngữ văn,5.2
64,Tiếng Anh,8.5
56,Vật lý,5.3
116,Toán,5.8
99,Vật lý,4.7
96,Vật lý,4.8
98,Vật lý,10.0
46,Tiếng Anh,99.0
89,Vật lý,15.0
51,Toán,6.5
50,Tiếng Anh,6.7
108,Ngữ văn,7.7
50,Toán,7.5
105,Toán,5.6
122,Vật lý,5.6
41,Vật lý,6.1
119,Ngữ văn,4.4
7,Vật lý,5.6
78,Toán,5.1
94,Ngữ văn,4.8
83,Tiếng Anh,6.1
106,Ngữ văn,8.0
132,Toán,7.0
126,Tiếng Anh,7.5
32,Tiếng Anh,4.9
67,Toán,7.8
77,Tiếng Anh,7.0
98,Ngữ văn,6.9
42,Vật lý,6.0
12,Ngữ văn,7.2
98,Tiếng Anh,4.7
117,Toán,7.1
105,Vật lý,
102,Vật lý,6.5
84,Vật lý,99.0
40,Vật lý,6.3
60,Toán,5.5
59,Tiếng Anh,7.1
17,Vật lý,5.8
9,Tiếng Anh,5.8
95,Ngữ văn,6.1
48,Tiếng Anh,7.4
140,Vật lý,7.2
11,Vật lý,6.4
93,Ngữ văn,8.9
63,Tiếng Anh,5.9
124,Vật lý,6.7
35,Tiếng Anh,4.2
69,Tiếng Anh,4.7
20,Toán,9.5
9003,Tiếng Anh,3.4
38,Toán,10.0
95,Tiếng Anh,5.4
9002,Toán,6.1
128,Ngữ văn,7.8
6,Toán,5.3
46,Toán,5.1
65,Vật lý,
15,Vật lý,9.7
9014,Toán,7.8
14,Ngữ văn,7.2
136,Vật lý,6.7
38,Ngu Van,
140,Ngữ văn,3.1
104,Vật lý,7.2
138,Tiếng Anh,5.0
67,Vật lý,5.1
74,Toán,6.7
101,Ngữ văn,
47,Ngu Van,5.0
113,Vật lý,7.2
56,Toán,7.3
40,Ngữ văn,6.6
10,Vật lý,4.4
139,Vật lý,6.2
9004,Toán,7.3
133,Tiếng Anh,4.7
77,Vật lý,8.5
125,Ngữ văn,4.9
106,Toán,7.3
109,Vật lý,8.1
65,Toán,6.1
16,Tiếng Anh,4.0
35,Toán,4.7
82,Ngữ văn,15.0
131,Tiếng Anh,5.8
45,Ngữ văn,6.0
2,Ngữ văn,9.9
62,Tiếng Anh,5.8
43,Ngữ văn,6.9
75,Toán,5.0
45,Toán,7.9
103,Ngữ văn,9.8
19,Tiếng Anh,9.4
22,Toán,5.8
116,Vật lý,4.9
9001,Ngữ văn,8.0
57,Vật lý,7.5
24,Toán,6.2
113,Ngữ văn,8.6
134,Tiếng Anh,5.8
51,Vật lý,-1.0
18,Vật lý,5.7
17,Tiếng Anh,5.0
58,Toán,5.4
9000,Toán,4.4
9009,Ngữ văn,3.4
7,Toán,4.1
85,Tiếng Anh,6.7
108,Toán,4.7
73,Tiếng Anh,8.8
129,Ngữ văn,5.4
97,Toán,4.0
130,Vật lý,0.7
71,Ngữ văn,6.7
139,Ngữ văn,6.1
45,Tiếng Anh,6.4
87,Vật lý,
135,Ngữ văn,7.5
1,Ngữ văn,7.0
130,Tiếng Anh,6.2
47,Tiếng Anh,5.6
72,Vật lý,8.1
39,Vật lý,7.8
37,Tiếng Anh,6.4
123,Toán,9.5
130,Toán,5.1
94,Toán,5.4
108,Vật lý,7.1
128,Toán,3.3
81,Toán,8.1
46,Vật lý,9.2
33,Toán,7.5
55,Tiếng Anh,8.9
41,Toán,6.2
92,Ngữ văn,6.4
138,Ngữ văn,5.6
115,Tiếng Anh,5.7
3,Tiếng Anh,5.8
100,Ngữ văn,7.1
86,Tiếng Anh,7.2
35,Ngữ văn,6.2
72,Ngữ văn,3.9
135,Vật lý,5.5
97,Tiếng Anh,6.4
114,Toán,5.8
137,Tiếng Anh,4.4
88,Toán,8.6
34,Ngữ văn,9.8
123,Tiếng Anh,6.8
64,Toán,3.8
66,Vật lý,5.4
69,Toán,5.8
86,Vật lý,7.3
19,Toán,5.2
111,Tiếng Anh,6.5
6,Ngữ văn,8.0
112,Tiếng Anh,9.3
72,Tiếng Anh,7.3
119,Toán,5.1
132,Vật lý,5.8
136,Tiếng Anh,7.7
14,Toán,
110,Tiếng Anh,4.2
5,Ngữ văn,6.5
55,Ngữ văn,5.2
124,Ngữ văn,3.5
79,Vật lý,5.0
4,Ngữ văn,7.9
30,Toán,6.9
15,Toán,5.6
117,Tiếng Anh,6.3
31,Ngữ văn,7.7
120,Ngữ văn,8.8
37,Ngữ văn,6.6
22,Vật lý,8.6
75,Ngữ văn,6.3
53,Tiếng Anh,
113,Tiếng Anh,9.0
28,Toán,3.9
99,Toán,6.2
36,Tiếng Anh,7.4
83,Vật lý,5.0
74,Vật lý,
110,Vật lý,5.7
117,Vật lý,9.2
115,Toán,7.2
64,Ngữ văn,7.6
23,Ngữ văn,9.3
100,Toán,6.4
43,Ngữ văn,6.8
87,Ngữ văn,6.0
39,Toán,5.1
120,Tiếng Anh,8.6
96,Ngữ văn,7.5
129,Tiếng Anh,5.6
37,Toán,7.0
53,Toán,5.5
121,Ngữ văn,5.2
66,Toán,6.9
9012,Toán,7.8
9010,Vật lý,7.7
40,Toán,7.1
121,Vật lý,5.4
11,Tiếng Anh,6.8
121,Tiếng Anh,8.4
139,Toán,
49,Ngữ văn,5.2
19,Ngữ văn,5.9
56,Ngữ văn,5.9
61,Tiếng Anh,3.6
77,Toán,4.9
127,Ngữ văn,6.7
95,Toán,10.0
31,Toán,6.3
4,Vật lý,6.9
28,Ngữ văn,
69,Ngữ văn,5.2
34,Tiếng Anh,
49,Toán,6.0
78,Ngữ văn,5.2
58,Ngữ văn,5.1
121,Toán,9.2
62,Ngữ văn,6.9
68,Ngữ văn,8.4
104,Ngữ văn,5.4
127,Tiếng Anh,6.3
59,Ngữ văn,4.1
81,Vật lý,7.4
133,Toán,10.0
5,Tiếng Anh,7.7
80,Toán,6.8
47,Vật lý,6.3
83,Toán,6.4
22,Ngữ văn,6.4
45,Vật lý,5.8
76,Ngữ văn,7.0
28,Tiếng Anh,5.6
29,Vật lý,5.5
122,Ngữ văn,8.0
91,Ngữ văn,5.9
126,Vật lý,7.2
23,Toán,7.7
99,Tiếng Anh,7.1
27,Ngữ văn,7.0
108,Vật lý,7.4
43,Tiếng Anh,6.2
6,Tiếng Anh,8.1
59,Vật lý,3.9
